country,iso3,year,out_of_school_pct,gdp_per_capita_usd,gov_edu_exp_pct_gdp,under5_mortality_per1000,rural_pop_pct,health_exp_per_capita_usd,internet_users_pct,unemployment_pct,life_expectancy_years,population_total,region
Algeria,DZA,2000,5.3092098236084,1772.92869122761,,41.7,40.1478760554308,61.85785294,0.491705679141589,29.77,70.576,30903893,"Middle East, North Africa, Afghanistan & Pakistan"
Algeria,DZA,2001,2.79631996154785,1896.30020878013,,40.2,39.3822827211464,67.05859375,0.646114016703792,27.3,71.025,31331221,"Middle East, North Africa, Afghanistan & Pakistan"
Algeria,DZA,2002,1.15476000308991,1937.46411413019,,38.6,38.6187341398838,66.681633,1.59164126035832,25.9,71.644,31750835,"Middle East, North Africa, Afghanistan & Pakistan"
Algeria,DZA,2003,0.784990012645721,2283.77299346126,,37.0,37.8572092013188,75.9513092,2.19535973086144,23.72,71.906,32175818,"Middle East, North Africa, Afghanistan & Pakistan"
Algeria,DZA,2004,0.872579991817474,2816.99384960555,,35.4,37.0976867951275,92.6876297,4.63447508776537,17.65,72.536,32628286,"Middle East, North Africa, Afghanistan & Pakistan"
Algeria,DZA,2005,0.515110015869141,3233.13339634212,,33.9,36.3401458109856,100.83694458,5.843900204,15.27,72.836,33109249,"Middle East, North Africa, Afghanistan & Pakistan"
Algeria,DZA,2006,0.889069974422455,3660.66104745322,,32.5,35.5845651385691,116.7750473,7.37598495634886,12.27,73.116,33623506,"Middle East, North Africa, Afghanistan & Pakistan"
Algeria,DZA,2007,1.65556001663208,4167.45169937531,,31.2,34.8309236675539,150.86651611,9.45119062555304,13.79,73.346,34189416,"Middle East, North Africa, Afghanistan & Pakistan"
Algeria,DZA,2008,1.23504996299744,5180.91881514686,4.11142015457153,30.1,34.098514128841,206.37207031,10.18,11.33,73.618,34816961,"Middle East, North Africa, Afghanistan & Pakistan"
Algeria,DZA,2009,1.11155998706818,4235.42990456612,,29.0,33.4902615440479,207.20181274,11.23,10.16,73.871,35490445,"Middle East, North Africa, Afghanistan & Pakistan"
Algeria,DZA,2010,1.08396967518221,4912.78585503672,8.6917709007891,28.1,32.8764942132541,227.95396423,12.5,9.96,74.144,36188236,"Middle East, North Africa, Afghanistan & Pakistan"
Algeria,DZA,2011,0.827806706053841,5916.31364364343,9.12453448642892,27.3,32.2655992492422,285.5020752,14.89999962,9.96,74.383,36903376,"Middle East, North Africa, Afghanistan & Pakistan"
Algeria,DZA,2012,0.662716368793761,6033.64884689543,7.02950889772261,26.6,31.6578741446325,340.09176636,18.20000076,10.97,74.609,37646166,"Middle East, North Africa, Afghanistan & Pakistan"
Algeria,DZA,2013,0.475690034743869,5979.60138960585,6.65906035504841,25.9,31.0536163920723,337.57348633,22.5,9.82,74.809,38414171,"Middle East, North Africa, Afghanistan & Pakistan"
Algeria,DZA,2014,0.4791783100002,6094.69392314956,6.54889841545277,25.4,30.4531234842385,366.58615112,29.5,10.207,74.992,39205031,"Middle East, North Africa, Afghanistan & Pakistan"
Algeria,DZA,2015,0.410926282137215,4685.05902729002,6.17633014564047,24.9,29.8566929138388,296.76834106,38.20000076,11.206,75.159,40019529,"Middle East, North Africa, Afghanistan & Pakistan"
Algeria,DZA,2016,0.471027879810881,4424.98529027556,6.50210843472458,24.5,29.2646221736149,265.53491211,42.94549942,10.202,75.31,40850721,"Middle East, North Africa, Afghanistan & Pakistan"
Algeria,DZA,2017,0.416762643091073,4554.66753957828,5.73482350888796,24.0,28.6772087563449,270.93231201,47.69110107,12.0,75.431,41689299,"Middle East, North Africa, Afghanistan & Pakistan"
Algeria,DZA,2018,0.730036765345809,4577.21029180491,5.8127512720176,23.7,28.094750154847,271.53808594,49.0384680793271,12.112,75.555,42505035,"Middle East, North Africa, Afghanistan & Pakistan"
Algeria,DZA,2019,1.91476876420127,4468.45341883656,5.57536563446523,23.3,27.5175438619825,242.07049561,55.79069901,12.302,75.682,43294546,"Middle East, North Africa, Afghanistan & Pakistan"
Algeria,DZA,2020,0.248356698756073,3743.5419522929,6.19391724496515,22.9,26.9458873706605,211.07240295,63.47269821,14.08,73.257,44042091,"Middle East, North Africa, Afghanistan & Pakistan"
Algeria,DZA,2021,0.878874946818741,4160.55926736925,5.51403281769924,22.6,26.3800781738427,208.93911743,72.21240234,13.656,75.208,44761099,"Middle East, North Africa, Afghanistan & Pakistan"
Algeria,DZA,2022,2.13045046735116,4960.30334332888,4.74924673000603,22.3,25.8204137645486,180.33454895,74.78150177,12.382,76.129,45477389,"Middle East, North Africa, Afghanistan & Pakistan"
Angola,AGO,2008,11.1943702697754,4578.15526451058,,99.2,41.4148254180386,136.34094238,1.899999976,16.152,55.281,21578655,Sub-Saharan Africa
Angola,AGO,2009,12.3820295333862,3645.14846565169,,90.7,40.6224683651256,120.5289917,2.299999952,16.383,56.225,22414773,Sub-Saharan Africa
Angola,AGO,2010,11.8253032356237,4101.63715564669,3.42131996154785,83.4,39.8689710464947,96.95197296,2.799999952,16.595,57.242,23294825,Sub-Saharan Africa
Angola,AGO,2011,12.3548898696899,5184.15269151846,,77.2,39.1568389603927,122.11888123,4.699999809,16.77,58.093,24218352,Sub-Saharan Africa
Benin,BEN,2003,20.9946594238281,676.002878084282,2.28315997123718,125.4,60.5830303986956,21.06955719,0.951327114915695,0.747,57.092,7913070,Sub-Saharan Africa
Benin,BEN,2004,17.9652690887451,758.695803786371,2.56690001487732,122.5,60.1474300921258,24.52665329,1.18254096518994,0.79,57.346,8159094,Sub-Saharan Africa
Benin,BEN,2005,21.7460308074951,779.437777753268,2.6566801071167,119.7,59.6902250993483,25.12485313,1.271000028,0.859,57.738,8426144,Sub-Saharan Africa
Benin,BEN,2006,19.1513805389404,809.147072506221,2.56340003013611,117.0,59.2122205927551,26.60264206,1.537899971,0.888,57.966,8693242,Sub-Saharan Africa
Benin,BEN,2008,15.2032098770142,1060.60254502099,2.77728009223938,112.0,58.1970337276895,28.12486076,1.85,0.895,58.099,9228466,Sub-Saharan Africa
Benin,BEN,2009,9.47467994689941,1024.10277858112,3.08927011489868,109.7,57.661461714001,29.69425583,2.24,0.95,58.258,9509423,Sub-Saharan Africa
Benin,BEN,2010,7.90986013412476,973.244254931526,3.67997002601623,107.4,57.1083108760647,29.37720871,3.13,1.04,58.387,9797484,Sub-Saharan Africa
Benin,BEN,2011,6.93918991088867,1059.41358852588,,105.1,56.5383863862724,31.76816368,4.14832306562512,2.647,58.462,10093623,Sub-Saharan Africa
Benin,BEN,2012,4.1090202331543,1071.5258366283,3.56202006340027,102.9,55.9524934170162,32.95616913,4.5,2.458,58.559,10397657,Sub-Saharan Africa
Benin,BEN,2013,3.84315991401672,1168.92699279226,3.3275101184845,100.6,55.3497116330681,33.53426743,4.900000095,2.198,58.863,10708834,Sub-Saharan Africa
Benin,BEN,2014,3.48218011856079,1204.39918670094,3.161789894104,98.4,54.7119470764001,32.41182327,6.0,1.952,59.008,11030004,Sub-Saharan Africa
Benin,BEN,2016,3.03196001052856,1010.5338961993,2.89910006523132,94.0,53.3905440993336,36.58565903,14.5,1.834,59.283,11697842,Sub-Saharan Africa
Benin,BEN,2017,7.11569023132324,1054.97408066814,3.53558993339539,91.8,52.7057225119609,38.75862122,18.7,1.691,59.528,12039780,Sub-Saharan Africa
Benin,BEN,2018,9.97799968719482,1151.7409703472,2.93161988258362,89.4,52.0047170724037,39.54786301,19.0,1.426,59.71,12383347,Sub-Saharan Africa
Benin,BEN,2019,14.4152898788452,1130.82135339795,2.73204741460628,87.0,51.2874499409752,33.9457283,20.50099945,1.214,59.888,12726755,Sub-Saharan Africa
Benin,BEN,2020,14.9921503067017,1200.19426557789,2.89898431911618,84.6,50.5538432780104,36.62052536,22.12059975,1.518,60.154,13070169,Sub-Saharan Africa
Benin,BEN,2021,12.1347198486328,1318.65158075198,3.09692638090381,82.2,49.8038192438646,38.45053101,28.20470047,1.833,59.61,13413417,Sub-Saharan Africa
Benin,BEN,2022,9.61021041870117,1266.42711031904,3.0972642678305,79.6,49.0372999989113,37.76291275,30.53730011,1.685,60.475,13759501,Sub-Saharan Africa
Botswana,BWA,2000,16.2190494537354,3450.81180622992,,79.8,46.7952272601206,206.93144226,2.90266662177209,15.88,52.263,1677382,Sub-Saharan Africa
Botswana,BWA,2001,14.4697198867798,3206.07123689853,,79.3,45.9510105553965,203.01203918,3.43088678702599,18.54,52.21,1712254,Sub-Saharan Africa
Botswana,BWA,2002,13.9514999389648,3117.25087183011,,77.9,44.9857011396198,206.11392212,3.38592235064273,21.277,52.373,1744763,Sub-Saharan Africa
Botswana,BWA,2003,13.1866998672485,4230.12326909926,,76.7,43.9020766503568,269.58544922,3.3451901740614,23.8,52.851,1775736,Sub-Saharan Africa
Botswana,BWA,2004,11.6130304336548,4956.69287735214,,75.7,42.7417510670642,297.2512207,3.30488925316113,21.755,53.573,1807146,Sub-Saharan Africa
Botswana,BWA,2005,10.5780096054077,5391.07076619634,10.6785898208618,70.8,41.5464445315416,281.38796997,3.262599945,19.852,54.386,1839877,Sub-Saharan Africa
Botswana,BWA,2006,9.26850032806396,5291.58379144849,,66.0,40.3578771855888,258.01873779,4.28993297515968,17.782,55.112,1874516,Sub-Saharan Africa
Botswana,BWA,2007,10.2572898864746,5529.12574632532,9.04666996002197,64.3,39.2177691710058,305.22042847,5.28,16.976,56.735,1911201,Sub-Saharan Africa
Botswana,BWA,2008,10.9210395812988,5503.07395314313,,63.7,38.1678406295921,324.54284668,6.25,16.293,57.661,1949970,Sub-Saharan Africa
Botswana,BWA,2009,11.0650501251221,5082.93388332404,9.8253002166748,60.6,37.2498117031477,336.53146362,6.150000095,16.169,58.297,1990673,Sub-Saharan Africa
Botswana,BWA,2012,9.07770840796275,6595.53845015424,8.1098729741114,53.9,35.6006752173096,418.82244873,16.0,17.916,60.384,2108617,Sub-Saharan Africa
Botswana,BWA,2013,10.739824280507,6666.91219583487,8.0172064061589,50.3,35.2420264541607,433.29150391,30.0,18.167,61.217,2140682,Sub-Saharan Africa
Botswana,BWA,2014,11.9398082011778,7122.36423421503,7.88874188960311,49.0,34.9034877599175,418.82452393,36.74474744423,18.484,62.167,2172044,Sub-Saharan Africa
Botswana,BWA,2022,0.535068806191338,8328.7090572666,,35.7,33.4110212829523,477.77633667,57.9,23.615,68.749,2439892,Sub-Saharan Africa
Burkina Faso,BFA,2000,65.0493698120117,248.908526921752,,176.0,81.9996496670556,10.00902748,0.0770801689426014,2.687,50.808,11925546,Sub-Saharan Africa
Burkina Faso,BFA,2001,63.9360008239746,259.485223380436,,171.9,81.1408547856107,10.27519512,0.157732464653607,2.748,51.188,12295001,Sub-Saharan Africa
Burkina Faso,BFA,2002,64.7803421020508,285.654087637533,,167.3,80.274946416552,11.93992615,0.200992597925001,2.862,51.447,12680897,Sub-Saharan Africa
Burkina Faso,BFA,2003,62.3590087890625,362.373899996953,,162.3,79.436672737108,16.02656555,0.373440303233526,2.78,51.959,13082532,Sub-Saharan Africa
Burkina Faso,BFA,2004,60.145938873291,403.81283743461,,156.8,78.6607819245076,21.12279129,0.400295285492178,3.48,52.6,13500533,Sub-Saharan Africa
Burkina Faso,BFA,2005,55.3110504150391,441.164148016012,3.94112992286682,150.8,77.9820221559796,21.34285545,0.469900012,4.0,53.271,13932123,Sub-Saharan Africa
Burkina Faso,BFA,2006,51.7279510498047,455.513655620024,3.98218989372253,144.4,77.4471693091257,23.55202866,0.632700026,3.67,53.784,14373707,Sub-Saharan Africa
Burkina Faso,BFA,2007,46.4918403625488,514.684451177238,4.07982015609741,138.1,77.0258239171807,29.72483063,0.75,3.3,54.377,14816307,Sub-Saharan Africa
Burkina Faso,BFA,2008,40.5445594787598,619.437533256264,,132.1,76.6366252161443,30.76880074,0.920000017,3.501,55.199,15258093,Sub-Saharan Africa
Burkina Faso,BFA,2009,37.6110992431641,601.569520671859,,126.5,76.2547674398884,31.26260567,1.129999995,3.723,55.791,15710066,Sub-Saharan Africa
Burkina Faso,BFA,2010,41.0314371536782,624.957252224766,3.50222992897034,121.3,75.884907501842,33.05819321,2.400000095,3.725,56.343,16176498,Sub-Saharan Africa
Burkina Faso,BFA,2011,36.4810510373382,725.024767725475,3.98515009880066,116.6,75.5317023154343,33.70409393,3.0,3.827,57.001,16661908,Sub-Saharan Africa
Burkina Faso,BFA,2012,35.5844322087457,731.470138867833,3.60315990447998,112.3,75.1998087940946,33.66717529,3.724999905,3.849,57.457,17172287,Sub-Saharan Africa
Burkina Faso,BFA,2013,34.6926459876261,759.762065168498,4.08343982696533,108.2,74.893883851252,42.26796341,5.0,4.054,57.903,17695409,Sub-Saharan Africa
Burkina Faso,BFA,2014,33.7585869138285,764.861675106225,4.05329990386963,104.3,74.6185844003357,38.24516678,6.0,4.255,58.331,18229461,Sub-Saharan Africa
Burkina Faso,BFA,2015,32.4978506858145,630.124750752312,3.67008996009827,100.8,74.378567354775,32.3375206,6.545700073,4.472,58.778,18777487,Sub-Saharan Africa
Burkina Faso,BFA,2016,27.2310340505434,663.742364842886,,97.4,74.178489627999,39.50990677,7.140999794,4.598,59.173,19334856,Sub-Saharan Africa
Burkina Faso,BFA,2017,26.4000565188786,709.091535894695,5.62846994400024,94.1,74.0230081334368,43.37775803,7.790400028,4.662,59.578,19894407,Sub-Saharan Africa
Burkina Faso,BFA,2018,24.4469528214246,777.465618514048,5.488609790802,91.0,73.9167797845178,38.48573303,8.498900414,4.695,59.972,20438288,Sub-Saharan Africa
Burkina Faso,BFA,2019,25.7999178709986,764.853077774946,5.45615632520251,88.1,73.8812745598843,41.06895828,9.27180600953186,4.493,60.184,20961952,Sub-Saharan Africa
Burkina Faso,BFA,2020,28.5216992159643,825.237038782475,5.21148277030166,85.1,73.6421626371373,57.17589188,12.97319984,4.59,60.454,21478690,Sub-Saharan Africa
Burkina Faso,BFA,2021,29.057991926484,895.535288442991,5.24913346712028,82.4,73.1885692256983,63.59171295,18.1522007,4.511,60.046,21995243,Sub-Saharan Africa
Burkina Faso,BFA,2022,32.2480013223476,827.330843486661,5.29456753304241,79.8,72.7208630257288,64.38339996,25.3987999,3.828,60.7,22509038,Sub-Saharan Africa
Burundi,BDI,2000,57.6782989501953,134.537861752389,2.64547991752625,152.4,91.956185501668,5.67927122,0.077248447383456,3.137,47.617,6470194,Sub-Saharan Africa
Burundi,BDI,2001,48.8359909057617,132.159554541932,2.90390992164612,147.5,91.7589269133191,7.50815582,0.106001245363203,3.154,48.509,6634365,Sub-Saharan Africa
Burundi,BDI,2002,48.2017593383789,120.952308575468,3.00493001937866,142.3,91.5489172258491,6.46998882,0.118228412267794,3.168,49.924,6824132,Sub-Saharan Africa
Burundi,BDI,2003,44.7832489013672,111.406682804391,,136.6,91.3238566061421,5.87316799,0.201273196735924,3.145,50.997,7043154,Sub-Saharan Africa
Burundi,BDI,2004,43.2330894470215,125.194965184533,3.74495005607605,130.4,91.0814452210824,8.88248062,0.349060461879596,3.177,52.217,7310656,Sub-Saharan Africa
Burundi,BDI,2005,39.6177711486816,147.234619294225,3.63216996192932,123.7,90.8193832375541,11.13118172,0.542100012,3.162,53.053,7587299,Sub-Saharan Africa
Burundi,BDI,2006,22.0833892822266,161.892755640319,,116.6,90.5353708224414,14.10514736,0.657599986,3.185,53.962,7865547,Sub-Saharan Africa
Burundi,BDI,2007,14.5802297592163,166.162744906755,,109.5,90.2271081426285,15.26294613,0.7,2.404,54.832,8161874,Sub-Saharan Africa
Burundi,BDI,2008,6.93048000335693,189.502074570768,5.19289016723633,102.6,89.8935646616965,14.67025566,0.81,1.634,55.581,8505637,Sub-Saharan Africa
Burundi,BDI,2009,9.32454967498779,198.431524048225,6.17194986343384,96.1,89.5020099565518,18.31996346,0.899999976,1.622,56.422,8947646,Sub-Saharan Africa
Burundi,BDI,2010,5.83619712937235,216.727705301976,6.77523994445801,90.2,89.0156902664513,24.45114708,1.0,1.615,57.088,9376444,Sub-Saharan Africa
Burundi,BDI,2011,5.26817008905179,230.069761381132,6.31926012039185,84.7,88.4383347769994,23.16802216,1.110000014,1.602,57.804,9717978,Sub-Saharan Africa
Burundi,BDI,2012,6.45815446247371,231.098787811507,6.16776990890503,79.6,87.7755403195385,20.01195908,1.220000029,1.593,58.501,10071028,Sub-Saharan Africa
Burundi,BDI,2013,11.9428877906623,234.844770150871,5.99539995193481,74.9,87.0329037254108,20.26322556,1.2642181112,1.584,59.179,10439341,Sub-Saharan Africa
Burundi,BDI,2014,8.92743884952403,250.544492155185,6.78452014923096,70.6,86.2160218259587,18.06601143,1.04239212643994,1.572,59.764,10799785,Sub-Saharan Africa
Burundi,BDI,2015,11.0972663089659,254.402585226788,6.37133979797363,66.9,85.3304914525246,17.67629051,2.0,1.449,60.107,11047580,Sub-Saharan Africa
Burundi,BDI,2016,12.6695757119224,232.937812100153,4.69199991226196,63.7,84.3819094364506,18.59472847,2.200000048,1.352,60.789,11239451,Sub-Saharan Africa
Burundi,BDI,2017,16.9222691594483,246.060725714184,4.76202011108398,60.9,83.3758726090791,19.16676521,2.6607485347534,1.25,61.345,11506762,Sub-Saharan Africa
Burundi,BDI,2018,19.624214828447,245.661678332009,5.07863998413086,58.5,82.3179778017525,18.67819214,4.019499779,1.147,61.806,11859446,Sub-Saharan Africa
Burundi,BDI,2019,21.1397608899175,234.31061590725,5.34668445378401,56.2,81.213821845813,22.2435379,6.072199821,1.043,62.18,12255336,Sub-Saharan Africa
Burundi,BDI,2020,20.6221497920102,252.702452750006,5.32158506838731,54.3,80.0690015726029,26.21934319,6.430099964,1.03,62.569,12617036,Sub-Saharan Africa
Cabo Verde,CPV,2000,3.45282006263733,1189.51479345891,,36.0,46.0667850797717,59.54011154,1.82244385164396,13.024,68.117,453317,Sub-Saharan Africa
Cabo Verde,CPV,2001,4.53566980361938,1223.33055331575,,32.8,45.2237827679005,63.55782318,2.68533271272311,13.242,68.707,460293,Sub-Saharan Africa
Cabo Verde,CPV,2002,4.10925006866455,1328.57874270666,7.87682008743286,30.5,44.4296592020519,69.12203979,3.5187571749658,13.379,69.447,467046,Sub-Saharan Africa
Cabo Verde,CPV,2003,3.9976499080658,1717.97565369655,,29.0,43.6702928020359,84.6628952,4.32488539053715,13.604,70.006,473383,Sub-Saharan Africa
Cabo Verde,CPV,2004,5.50094985961914,1929.49081468781,7.47664022445679,28.2,42.9322832988982,93.43228912,5.31883206957883,13.456,70.499,479370,Sub-Saharan Africa
Cabo Verde,CPV,2005,5.15364980697632,2004.14680417563,,28.0,42.2022304236843,96.08917999,6.07408710659813,13.439,70.936,485115,Sub-Saharan Africa
Cabo Verde,CPV,2006,5.23484992980957,2256.99666191075,6.52960014343262,28.0,41.4667339074401,113.13097382,6.80891100753313,13.378,71.341,490728,Sub-Saharan Africa
Cabo Verde,CPV,2007,6.88785982131958,3324.57675212498,4.95982980728149,28.1,40.712393481211,127.73626709,8.28321981953034,13.294,71.487,496190,Sub-Saharan Africa
Cabo Verde,CPV,2008,7.7829999923706,3908.64885822576,5.03464984893799,27.9,39.9258088760428,127.79390717,14.0,13.307,71.888,501355,Sub-Saharan Africa
Cabo Verde,CPV,2009,8.27340030670166,3659.72046361628,4.86588001251221,27.5,39.093579822981,130.23704529,21.0,13.517,72.142,506141,Sub-Saharan Africa
Cabo Verde,CPV,2010,8.27373482317009,3579.46006137809,5.0765700340271,26.7,38.2025737267698,146.07247925,30.0,10.67,72.507,509784,Sub-Saharan Africa
Cabo Verde,CPV,2011,7.84996734363823,4002.01386888785,4.59785985946655,25.6,37.2580070963116,157.08999634,32.0,10.956,72.913,511447,Sub-Saharan Africa
Cabo Verde,CPV,2012,5.77352828502107,3736.81517011087,5.39769575795208,24.2,36.2739545479004,174.66062927,34.74,11.145,73.315,511955,Sub-Saharan Africa
Cabo Verde,CPV,2013,5.42655756299117,3960.97596791345,4.56156015396118,22.6,35.2513792478174,191.1048584,37.5,11.398,73.481,512225,Sub-Saharan Africa
Cabo Verde,CPV,2014,5.11967651470684,3985.60706548134,4.52133989334106,20.9,34.1914887287258,193.39482117,40.25999832,11.689,73.788,512326,Sub-Saharan Africa
Cabo Verde,CPV,2015,4.86389931335114,3415.06266730931,4.80622005462646,19.2,33.0954905232884,150.28823853,42.6830141582781,11.923,74.096,512394,Sub-Saharan Africa
Cabo Verde,CPV,2016,5.21048032054347,3608.96605234906,4.75475978851318,17.6,31.9645921641684,157.39906311,50.3228178676892,12.085,74.35,512554,Sub-Saharan Africa
Cabo Verde,CPV,2017,5.05447490174618,3893.09571382506,4.59278011322021,16.2,30.8000011840287,174.43547058,57.1621463484891,12.24,74.71,512893,Sub-Saharan Africa
Cabo Verde,CPV,2018,3.6877442629522,4294.96510035729,4.78792270184537,15.1,29.6029251155323,205.5345459,59.5,12.17,74.84,513415,Sub-Saharan Africa
Cabo Verde,CPV,2019,3.77161873707918,4380.78117331128,4.16528987884521,14.1,28.3745714913423,211.24963379,61.9433977593088,12.123,75.449,514104,Sub-Saharan Africa
Cabo Verde,CPV,2020,5.32445643013652,3539.22661248299,7.09400702406662,13.3,27.1161478441216,249.71989441,69.37339783,14.65,73.818,514679,Sub-Saharan Africa
Cabo Verde,CPV,2021,4.76350669447622,3971.44409203423,6.15490303089284,12.7,25.8392069107173,262.42272949,70.28250122,13.932,74.424,516649,Sub-Saharan Africa
Cabo Verde,CPV,2022,41.8359960270029,4323.31362032709,4.7252554800722,12.1,24.966261939151,297.08233643,73.32740021,12.239,75.907,519741,Sub-Saharan Africa
Cameroon,CMR,2008,12.6500797271728,1492.14269801453,2.49826002120972,117.2,49.9141674731331,54.58909225,3.400000095,3.386,56.116,18574056,Sub-Saharan Africa
Cameroon,CMR,2009,9.9284200668335,1461.38999232337,2.90790009498596,113.7,49.5285868664322,51.14823914,3.84,3.743,56.486,19113974,Sub-Saharan Africa
Cameroon,CMR,2011,8.54382038116455,1513.96056994878,2.65335988998413,105.2,48.7770156965875,58.33031845,5.0,3.988,57.482,20232304,Sub-Saharan Africa
Cameroon,CMR,2012,5.80923986434937,1449.09874362279,2.60304999351502,100.8,48.4112880017139,56.96441269,7.5,3.836,58.17,20809529,Sub-Saharan Africa
Cameroon,CMR,2014,5.16913698875997,1649.4433905949,2.58396005630493,92.4,47.7006055623291,71.61038208,16.2148722257524,3.534,59.13,22059893,Sub-Saharan Africa
Cameroon,CMR,2015,4.77418107009732,1415.00009710569,2.65791010856628,88.5,47.3559136857258,58.38298035,18.29999924,3.518,59.687,22763414,Sub-Saharan Africa
Cameroon,CMR,2016,4.33245409481167,1441.7201725688,2.56234002113342,85.1,47.0184966163208,57.99372482,20.60000038,3.529,60.293,23454161,Sub-Saharan Africa
Cameroon,CMR,2017,5.76880979537964,1496.08951771242,3.05961990356445,81.9,46.6884857878496,56.7457695,23.2029719748646,3.573,60.817,24128601,Sub-Saharan Africa
Cameroon,CMR,2019,7.45523023605347,1555.22660476477,3.0473994932468,76.6,46.0512085880669,56.79493713,36.53919983,3.632,61.695,25506095,Sub-Saharan Africa
Cameroon,CMR,2021,4.41607154486929,1672.32657340872,2.8493076272306,71.9,45.4451335536365,72.59731293,38.89260101,3.976,61.146,26915758,Sub-Saharan Africa
Cameroon,CMR,2022,3.9333122149023,1604.87726954895,2.65952378267367,69.4,45.1541254311682,72.12950897,40.12559891,3.646,62.443,27632771,Sub-Saharan Africa
Central African Republic,CAF,2005,57.454418182373,311.950023138687,1.65222001075745,147.9,61.9551489573134,13.93517494,0.26820001,5.691,48.207,4288810,Sub-Saharan Africa
Central African Republic,CAF,2006,57.2520294189453,333.942519903031,1.41506004333496,143.5,61.865566318877,15.15495491,0.311199993,5.61,48.687,4377579,Sub-Saharan Africa
Central African Republic,CAF,2007,50.066478729248,380.887048839475,1.31332004070282,139.3,61.7656660563921,18.24629021,0.375815961044797,5.562,49.327,4462770,Sub-Saharan Africa
Central African Republic,CAF,2008,41.808219909668,437.24827472489,1.29000997543335,135.5,61.6525510807662,18.02888489,1.0,5.51,49.873,4558984,Sub-Saharan Africa
Central African Republic,CAF,2009,41.510181427002,456.471673898404,1.25458002090454,489.3,61.523324302907,21.37773895,1.799999952,5.575,14.665,4529047,Sub-Saharan Africa
Central African Republic,CAF,2010,38.0749702453613,476.873786950728,1.11760997772217,150.7,61.3755036895797,17.01008034,2.0,5.658,46.871,4492995,Sub-Saharan Africa
Central African Republic,CAF,2011,40.4570083618164,534.057281471636,1.10792005062103,125.1,61.1969330534993,19.62990761,2.200000048,5.638,50.107,4565021,Sub-Saharan Africa
Central African Republic,CAF,2012,37.8948516845703,544.395849142785,1.98034724839473,121.9,60.9698303961483,21.33021736,2.400000095,5.58,51.336,4610848,Sub-Saharan Africa
Chad,TCD,2000,50.3504981994629,163.121663683369,2.64670991897583,182.4,78.3472309239516,10.07452297,0.03570707628555,0.796,47.937,8512093,Sub-Saharan Africa
Chad,TCD,2001,49.1380500793457,194.32295331156,2.42614006996155,179.0,78.3219017404812,11.64042854,0.0459341343557353,0.792,48.306,8804124,Sub-Saharan Africa
Chad,TCD,2002,45.3430480957031,219.061391951349,,175.6,78.2992237968485,18.01737785,0.166069664674347,0.769,48.36,9116192,Sub-Saharan Africa
Chad,TCD,2003,43.6835098266602,289.087621122168,,172.3,78.2792968827761,18.0202446,0.320308555366775,0.725,48.609,9487833,Sub-Saharan Africa
Chad,TCD,2011,38.5633201599121,1308.1421872538,1.64717996120453,142.9,78.0441263202362,37.35868073,1.899999976,0.92,50.426,12754997,Sub-Saharan Africa
Chad,TCD,2013,23.8946800231934,1304.88742971475,2.06696009635925,135.8,77.7024070147609,38.59413528,2.5,0.955,51.051,13691079,Sub-Saharan Africa
Chad,TCD,2015,23.8205570675957,993.990730610869,2.34283149521162,128.7,77.1988741171026,33.82092285,3.5,1.032,51.32,14647621,Sub-Saharan Africa
Chad,TCD,2016,30.1148001004133,861.831767630746,2.38847586229946,125.0,76.8880265292821,31.96038055,5.800000191,1.091,51.603,15114655,Sub-Saharan Africa
Chad,TCD,2017,35.8069689879102,854.46120040098,1.8390200138092,121.4,76.538650528895,29.9935894,6.351900101,1.132,51.875,15622759,Sub-Saharan Africa
Chad,TCD,2018,30.1838629876176,948.656629871231,2.25947501392013,117.6,76.1513915075025,31.2043705,6.956299782,1.135,52.447,16156531,Sub-Saharan Africa
Chad,TCD,2019,31.0593254637437,893.336441643325,2.37245795383591,114.0,75.7268952613367,30.23690224,7.618199825,1.077,52.993,16685223,Sub-Saharan Africa
Chad,TCD,2021,28.5606895527088,946.358500208374,2.01648998260498,107.3,74.7687753576925,37.59156799,9.653699875,1.53,53.136,17828273,Sub-Saharan Africa
Chad,TCD,2022,28.392240524292,966.036468278568,2.6016118897064,103.9,74.2364441370306,40.17007446,11.17029953,1.081,54.528,18455316,Sub-Saharan Africa
Comoros,COM,2000,39.1638984680176,633.309032776244,,79.9,71.9639487807945,47.59479904,0.271740607285909,4.4,58.941,536080,Sub-Saharan Africa
Comoros,COM,2007,26.2812309265137,1289.73631056361,,61.2,71.7506678551051,69.87202454,2.5,4.474,61.475,616927,Sub-Saharan Africa
Comoros,COM,2013,5.05375930449501,1603.32653496691,2.3827600479126,51.2,70.2956517478518,81.81765747,6.5,3.98,63.839,696192,Sub-Saharan Africa
Comoros,COM,2014,6.28089972449711,1615.71709756316,2.74472999572754,50.0,69.9697093447068,84.63935852,6.980000019,3.984,64.143,711503,Sub-Saharan Africa
Comoros,COM,2017,8.86785196063006,1423.9248027797,,46.9,68.9003440310707,75.01337433,8.478199959,4.049,65.127,756669,Sub-Saharan Africa
Comoros,COM,2018,11.9401956137705,1540.71132257526,,45.8,68.5926354804161,74.89152527,,3.975,65.401,771590,Sub-Saharan Africa
Comoros,COM,2021,25.5434153759691,1587.72988658008,2.27485390045927,42.6,67.5875555686754,100.50016785,30.68120003,4.394,65.201,818174,Sub-Saharan Africa
Comoros,COM,2022,19.4387607574463,1533.87755393614,2.43164424110924,41.4,67.2253964471252,124.14363861,31.37409973,3.879,66.481,834188,Sub-Saharan Africa
"Congo, Rep.",COG,2005,49.7398414611816,1799.05158366154,1.6810200214386,85.7,38.689713363874,30.90304375,1.463400006,19.796,58.73,3696393,Sub-Saharan Africa
"Congo, Rep.",COG,2006,45.9260482788086,2103.5821381211,,79.5,38.3762207379349,35.94208145,2.007999897,19.563,59.474,3837409,Sub-Saharan Africa
"Congo, Rep.",COG,2010,13.8628902435303,2946.55798067708,5.6867299079895,62.4,37.6077128941261,54.56225586,5.0,19.3,61.731,4462290,Sub-Saharan Africa
"Congo, Rep.",COG,2012,11.6484804153442,3732.32737320389,2.73923061622047,57.9,37.2812830905655,71.2766571,6.106699944,19.491,62.662,4740450,Sub-Saharan Africa
"Congo, Rep.",COG,2018,21.2425899505615,2694.43413191427,2.77167010307312,47.6,36.5565422518025,47.310215,11.8071003,20.84,64.472,5483118,Sub-Saharan Africa
Cote d'Ivoire,CIV,2000,50.6646385192871,936.636541348798,2.40031003952026,140.4,56.9159934988087,30.33073425,0.231461670612799,4.835,51.393,17699004,Sub-Saharan Africa
Cote d'Ivoire,CIV,2001,47.1865310668945,924.727294962066,2.44477009773254,136.9,56.5329850964988,30.58369255,0.395747702246439,5.195,51.428,18178913,Sub-Saharan Africa
Cote d'Ivoire,CIV,2002,46.953929901123,967.815864415991,2.81047010421753,133.1,56.140967852272,32.55319595,0.497929360753307,5.508,51.544,18654771,Sub-Saharan Africa
Cote d'Ivoire,CIV,2003,50.8157005310059,1111.17135087887,2.8643798828125,129.2,55.7406255849469,43.81231308,0.758669629452205,5.847,51.443,19125542,Sub-Saharan Africa
Cote d'Ivoire,CIV,2009,50.9214706420898,1540.45393569596,3.1739399433136,105.2,53.2020403497726,71.06480408,2.0,6.573,54.744,21997940,Sub-Saharan Africa
Cote d'Ivoire,CIV,2013,34.2464387845097,1786.15862031324,3.45859003067017,92.0,51.4297667813792,67.13149261,6.599999905,4.255,57.057,23939775,Sub-Saharan Africa
Cote d'Ivoire,CIV,2014,29.5599662881331,1991.36539423404,3.31416988372803,88.6,50.9826855442632,74.3581543,10.0,3.274,57.772,24527395,Sub-Saharan Africa
Cote d'Ivoire,CIV,2015,27.2279251430508,1814.71855088017,3.49412989616394,85.5,50.5305105310447,58.43181992,38.4400001654616,2.573,58.281,25246342,Sub-Saharan Africa
Cote d'Ivoire,CIV,2016,20.1686513051337,1862.59597081287,3.93593001365662,83.0,50.070008965968,61.85705566,41.2078149304414,1.896,58.814,25989405,Sub-Saharan Africa
Cote d'Ivoire,CIV,2017,20.4103732311075,1964.29930338343,3.73654007911682,80.5,49.6022690345656,63.77943039,43.8399208514876,3.272,59.315,26733372,Sub-Saharan Africa
Cote d'Ivoire,CIV,2018,17.0757385775597,2130.86619381144,3.21164989471436,77.9,49.1281522243605,65.87952423,37.5465361301281,2.852,59.795,27464173,Sub-Saharan Africa
Cote d'Ivoire,CIV,2019,16.2086093922531,2141.76836170115,3.4130699634552,75.3,48.6485200228759,68.30471039,36.2889545655205,2.401,60.274,28193009,Sub-Saharan Africa
Cote d'Ivoire,CIV,2020,14.9827962161399,2179.72934832935,3.78674006462097,73.0,48.1642339176349,78.97766876,36.01660156,2.588,60.14,28915449,Sub-Saharan Africa
Cote d'Ivoire,CIV,2021,17.0939491495179,2455.98127641148,3.32717990875244,70.8,47.6816538043941,92.39588928,35.95069885,2.623,60.29,29639736,Sub-Saharan Africa
Cote d'Ivoire,CIV,2022,17.5821561930816,2333.37128301259,3.47484993934631,68.7,47.1507450323327,84.89915466,38.41328122,2.31,61.562,30395002,Sub-Saharan Africa
"Egypt, Arab Rep.",EGY,2000,15.582010269165,1366.09274372613,,47.3,57.2660601067481,69.37174988,0.641265037504813,8.98,67.332,73083284,"Middle East, North Africa, Afghanistan & Pakistan"
"Egypt, Arab Rep.",EGY,2001,15.4177703857422,1295.1374184163,,44.8,57.2164493234667,68.67334747,0.838945611477604,9.26,67.612,74652029,"Middle East, North Africa, Afghanistan & Pakistan"
"Egypt, Arab Rep.",EGY,2002,14.9462099075317,1116.82884626213,,42.5,57.1652370516083,63.99928665,2.71999971465421,10.01,67.846,76239137,"Middle East, North Africa, Afghanistan & Pakistan"
"Egypt, Arab Rep.",EGY,2003,14.2558097839356,1031.27556291284,4.94563007354736,40.4,57.1165314466208,50.34780884,4.03788510706701,10.91,68.045,77853548,"Middle East, North Africa, Afghanistan & Pakistan"
"Egypt, Arab Rep.",EGY,2004,13.7126197814941,991.255689145253,4.67072010040283,38.6,57.0744406639524,50.33084488,11.92,10.32,68.211,79477443,"Middle East, North Africa, Afghanistan & Pakistan"
"Egypt, Arab Rep.",EGY,2005,13.8856897354126,1105.53920713903,4.79442977905273,37.0,57.0430728590512,59.4683876,12.75,11.049,68.355,81101004,"Middle East, North Africa, Afghanistan & Pakistan"
"Egypt, Arab Rep.",EGY,2006,16.8396797180176,1298.97900203124,4.00178003311157,35.6,57.0270008319896,66.32707214,13.66,10.49,68.493,82700403,"Middle East, North Africa, Afghanistan & Pakistan"
"Egypt, Arab Rep.",EGY,2007,13.1719999313354,1547.74170735909,3.68460988998413,34.2,57.0270333655491,73.29454041,16.03,8.8,68.627,84276225,"Middle East, North Africa, Afghanistan & Pakistan"
"Egypt, Arab Rep.",EGY,2009,13.7068300247192,2161.63964573927,,31.6,57.0616529375096,98.90396881,20.0,9.087,68.915,87501636,"Middle East, North Africa, Afghanistan & Pakistan"
"Egypt, Arab Rep.",EGY,2010,13.0727596282959,2455.08194645282,,30.5,57.0942824479846,105.07817841,21.6,8.757,69.078,89196072,"Middle East, North Africa, Afghanistan & Pakistan"
"Egypt, Arab Rep.",EGY,2011,15.2171497344971,2590.64384891965,,29.5,57.1365831529823,116.22949219,25.6,11.849,69.232,91093059,"Middle East, North Africa, Afghanistan & Pakistan"
"Egypt, Arab Rep.",EGY,2012,13.1145896911621,2996.0677072015,,28.6,57.1881485861475,139.81625366,26.4,12.597,69.464,93161001,"Middle East, North Africa, Afghanistan & Pakistan"
"Egypt, Arab Rep.",EGY,2014,13.9865160064304,3133.39102265541,,27.1,57.3174477715592,155.06480408,33.8946039115275,13.105,69.911,97528654,"Middle East, North Africa, Afghanistan & Pakistan"
"Egypt, Arab Rep.",EGY,2016,11.3179491963622,3270.6287768197,,26.0,57.4789282733775,142.61845398,41.2480670885772,12.45,70.437,101644589,"Middle East, North Africa, Afghanistan & Pakistan"
"Egypt, Arab Rep.",EGY,2017,10.5235897011093,2395.10333299491,,25.6,57.5513991312821,106.00288391,44.9502042452857,11.767,70.709,103696057,"Middle East, North Africa, Afghanistan & Pakistan"
"Egypt, Arab Rep.",EGY,2018,8.10563926561859,2484.70315630508,,25.2,57.5422822550031,118.01481628,46.92433676792,9.855,70.974,105682094,"Middle East, North Africa, Afghanistan & Pakistan"
"Egypt, Arab Rep.",EGY,2019,6.10135668597562,2962.98892023003,,24.8,57.5187972667352,142.69670105,57.2828663990195,7.851,71.213,107553158,"Middle East, North Africa, Afghanistan & Pakistan"
"Egypt, Arab Rep.",EGY,2020,4.48381671396953,3511.11381026379,,24.4,57.4818465369326,148.35269165,71.91420096,7.974,69.79,109315124,"Middle East, North Africa, Afghanistan & Pakistan"
"Egypt, Arab Rep.",EGY,2021,3.19940245619135,3827.35415374308,,24.0,57.4313937378532,176.93664551,72.05599976,7.441,68.976,110957008,"Middle East, North Africa, Afghanistan & Pakistan"
Equatorial Guinea,GNQ,2000,48.2057914733887,1487.3165506701,,154.5,61.1845412866012,20.14153671,0.132354665123789,7.444,53.395,703279,Sub-Saharan Africa
Equatorial Guinea,GNQ,2001,44.5681381225586,1948.61145907844,,150.2,61.1361634613469,29.59247589,0.16526042288306,7.551,53.827,749836,Sub-Saharan Africa
Equatorial Guinea,GNQ,2002,47.3004302978516,2264.21065580365,,145.9,60.8030849608295,74.93979645,0.321197997152044,7.646,54.324,797957,Sub-Saharan Africa
Equatorial Guinea,GNQ,2003,49.1255989074707,2930.60183743733,,141.5,60.104097514352,86.82926178,0.520524272046806,7.701,54.791,847862,Sub-Saharan Africa
Equatorial Guinea,GNQ,2008,62.66162109375,18210.5552970599,,118.0,51.9555100914342,225.50572205,1.820000052,7.571,57.384,1084530,Sub-Saharan Africa
Equatorial Guinea,GNQ,2009,63.1913108825684,13232.5019378102,,113.5,49.5277179363931,248.9617157,2.130000114,7.702,57.881,1135673,Sub-Saharan Africa
Equatorial Guinea,GNQ,2010,63.6025886535645,13720.1658723222,,109.4,46.8781193470824,237.85783386,6.0,7.847,58.344,1189085,Sub-Saharan Africa
Equatorial Guinea,GNQ,2011,62.9128112792969,17198.2136668275,,105.6,44.0256650903089,265.38485718,11.5,7.837,58.827,1241835,Sub-Saharan Africa
Equatorial Guinea,GNQ,2012,62.3198318481445,17308.5723924575,,102.0,40.9893059328797,280.90136719,13.94320011,7.761,59.301,1293483,Sub-Saharan Africa
Equatorial Guinea,GNQ,2015,65.5965194702148,9068.91003238645,,92.1,31.048729384645,222.81713867,21.31999969,7.778,60.635,1453923,Sub-Saharan Africa
Eritrea,ERI,2000,36.5699882507324,314.357396753501,,85.3,65.9016380310059,14.03034782,0.136711941104496,5.656,56.285,2247031,Sub-Saharan Africa
Eritrea,ERI,2001,34.3250389099121,325.409161513593,4.0471601486206,81.1,65.6746788024902,14.90675831,0.157815289303043,5.74,58.359,2312079,Sub-Saharan Africa
Eritrea,ERI,2002,28.1226100921631,304.775756465092,3.52390003204346,77.3,65.4579200744629,15.77544498,0.227090137626716,5.794,58.941,2392978,Sub-Saharan Africa
Eritrea,ERI,2003,22.6242599487305,348.950327077742,,73.8,65.2548713684082,19.81480217,,5.79,59.455,2493903,Sub-Saharan Africa
Eritrea,ERI,2004,22.527379989624,426.840947887032,3.14896988868713,70.5,65.0675354003906,23.15624809,,5.704,60.063,2598284,Sub-Saharan Africa
Eritrea,ERI,2005,22.6893997192383,412.753079199423,,67.5,64.8977966308594,21.92651939,,5.721,60.628,2661215,Sub-Saharan Africa
Eritrea,ERI,2006,25.8526592254639,447.997404727201,2.12700009346008,64.7,64.7474822998047,23.77408791,,5.707,61.457,2703502,Sub-Saharan Africa
Eritrea,ERI,2007,32.8462409973145,480.44762365456,,62.0,64.6179046630859,19.62666321,0.409999996,5.719,61.998,2743222,Sub-Saharan Africa
Eritrea,ERI,2008,37.5578498840332,490.066956003333,,59.6,64.5102882385254,21.55065727,0.469999999,5.683,62.422,2816327,Sub-Saharan Africa
Eritrea,ERI,2009,40.4665489196777,642.92572288007,,57.3,64.4257965087891,24.35102463,0.540000021,5.757,63.203,2887885,Sub-Saharan Africa
Eritrea,ERI,2010,42.3246917724609,539.699512069686,,55.2,64.3653450012207,26.00652122,0.610000014,5.854,63.665,2945186,Sub-Saharan Africa
Eritrea,ERI,2011,37.2897987365723,688.68165957684,,53.3,64.3293724060059,35.55129623,0.699999988,5.801,64.231,2998485,Sub-Saharan Africa
Eritrea,ERI,2012,33.3913612365723,,,51.4,64.3175735473633,27.78689003,0.800000012,5.692,64.697,3036988,Sub-Saharan Africa
Eritrea,ERI,2013,33.4121208190918,,,49.7,64.3286666870117,31.64078712,0.899999976,5.624,65.005,3074360,Sub-Saharan Africa
Eritrea,ERI,2014,33.0946006774902,,,48.1,64.360279083252,32.93448257,0.99000001,5.637,65.517,3095173,Sub-Saharan Africa
Eritrea,ERI,2015,34.2993698120117,,,46.4,64.408992767334,29.22208977,1.083699942,5.751,65.909,3105546,Sub-Saharan Africa
Eritrea,ERI,2017,39.3629188537598,,,43.3,64.5572853088379,25.10270691,2.496099949,5.804,66.612,3150347,Sub-Saharan Africa
Eritrea,ERI,2018,39.3790397644043,,,41.9,64.6548957824707,26.68201256,5.293000221,5.756,66.979,3192760,Sub-Saharan Africa
Eritrea,ERI,2022,40.3848114013672,,,36.6,65.1530723571777,27.0898056,,6.033,67.789,3409447,Sub-Saharan Africa
Eswatini,SWZ,2009,19.9394798278809,3189.79679956637,6.47135019302368,92.4,77.7656134375206,279.68212891,8.94,27.488,46.913,1105153,Sub-Saharan Africa
Eswatini,SWZ,2010,13.3622978271524,3922.74039390733,6.11837005615234,82.1,77.6669207932529,343.04284668,11.04,26.856,48.331,1111650,Sub-Saharan Africa
Eswatini,SWZ,2011,8.26201347228763,4225.06049411911,6.86432981491089,67.6,77.5365246334607,365.25265503,18.13,26.105,49.057,1117833,Sub-Saharan Africa
Eswatini,SWZ,2012,12.3784008073316,4224.54789174487,5.59328219778155,62.7,77.3762284073935,340.03012085,20.78179932,25.226,50.714,1123863,Sub-Saharan Africa
Eswatini,SWZ,2013,14.7385852850722,3949.94310039907,5.08461029694871,59.7,77.1878355643008,303.40438843,24.70000076,24.556,52.11,1129990,Sub-Saharan Africa
Eswatini,SWZ,2014,12.3178951385415,3771.07228381938,7.28094005584717,60.0,76.973149553432,282.43395996,25.0,23.931,53.491,1136299,Sub-Saharan Africa
Eswatini,SWZ,2015,11.5380643562311,3419.82276559528,5.35494723006471,57.5,76.7339738240368,250.71520996,25.64299965,23.431,54.941,1142813,Sub-Saharan Africa
Eswatini,SWZ,2016,10.5322334946476,3238.17611961364,5.43355309210979,54.4,76.4721118253644,226.41770935,28.56999969,22.718,56.228,1149507,Sub-Saharan Africa
Eswatini,SWZ,2017,11.2136425960972,3853.09956569679,6.177914116856,53.6,76.1947995036839,265.50152588,35.33160019,24.543,57.574,1158195,Sub-Saharan Africa
Eswatini,SWZ,2018,9.62980771743505,3972.65450620357,5.73687354676617,50.4,75.9420704595773,292.33929443,39.38100052,26.471,58.707,1168929,Sub-Saharan Africa
Eswatini,SWZ,2019,8.4595040456676,3913.14577547336,5.69914824136892,51.5,75.6540450482249,320.05084229,43.93389893,28.222,59.85,1179874,Sub-Saharan Africa
Eswatini,SWZ,2022,3.8254239516235,3894.1620089869,5.57274175738511,47.3,74.603317081458,284.75802612,57.34370041,36.472,63.028,1218917,Sub-Saharan Africa
Ethiopia,ETH,2000,61.5542411804199,122.269202606069,3.88614988327026,140.1,85.0806903839111,5.28970861,0.0152637672082567,3.499,50.88,67411494,Sub-Saharan Africa
Ethiopia,ETH,2001,57.972770690918,118.457204255261,3.7002899646759,133.8,84.8822326660156,5.50955105,0.0371623810686744,3.16,51.428,69487762,Sub-Saharan Africa
Ethiopia,ETH,2002,56.2633895874023,109.593813612988,3.63245010375977,127.4,84.666766166687,5.14964151,0.0724022618698295,3.054,52.085,71635517,Sub-Saharan Africa
Ethiopia,ETH,2003,55.6535682678223,116.800491132777,,121.0,84.4561462402344,5.70984173,0.105811658802603,3.008,52.877,73832663,Sub-Saharan Africa
Ethiopia,ETH,2004,52.8750915527344,133.169812538096,,114.6,84.2414093017578,5.7385993,0.155334520794722,2.776,53.735,76077206,Sub-Saharan Africa
Ethiopia,ETH,2005,42.3287200927734,158.243458082465,,108.3,84.017032623291,6.4820013,0.219659818999505,2.497,54.364,78367470,Sub-Saharan Africa
Ethiopia,ETH,2006,37.3987007141113,189.345737521418,5.49094009399414,102.4,83.7851524353027,8.42413712,0.310592656856176,2.337,55.402,80703490,Sub-Saharan Africa
Ethiopia,ETH,2007,31.8167896270752,237.146255996319,5.45110988616943,96.9,83.9051669738098,11.63210678,0.37,2.337,56.566,83103217,Sub-Saharan Africa
Ethiopia,ETH,2008,25.945779800415,316.410475118075,5.40819978713989,91.8,83.2063293457031,13.03863621,0.449999988,2.326,57.733,85543668,Sub-Saharan Africa
Ethiopia,ETH,2009,26.2135791778564,368.574712267445,4.42207002639771,87.1,82.8488998413086,15.1445961,0.540000021,2.326,58.715,88007636,Sub-Saharan Africa
Ethiopia,ETH,2010,28.1761497833359,330.619412798644,4.49659013748169,82.7,82.5062160491943,16.17102051,0.75,2.295,59.709,90538514,Sub-Saharan Africa
Ethiopia,ETH,2011,24.7509994506836,343.024942351887,5.4857702255249,78.6,82.136209487915,14.62286568,1.100000024,2.27,60.595,93149970,Sub-Saharan Africa
Ethiopia,ETH,2012,23.7233368600163,452.101031885754,5.56677007675171,74.8,81.7938632965088,20.00217628,2.900000095,2.252,61.443,95798767,Sub-Saharan Africa
Ethiopia,ETH,2014,19.1339873710117,549.986577082588,4.60201978683472,67.7,80.9737129211426,21.6064415,7.699999809,2.361,62.927,101115610,Sub-Saharan Africa
Ethiopia,ETH,2015,20.2170982673994,597.912113218663,4.73791868878759,64.4,80.548433303833,23.21817207,13.8551755555556,2.442,63.592,103867135,Sub-Saharan Africa
Ethiopia,ETH,2021,25.7333793640137,893.009835441784,4.06524874309096,70.4,77.8932914733887,26.06931114,16.6981031,3.935,65.33,122138588,Sub-Saharan Africa
Ethiopia,ETH,2022,24.6450551346419,982.103161502198,3.73649512188829,68.1,77.2632312774658,27.06845474,17.9836998,3.386,66.897,125384287,Sub-Saharan Africa
Gabon,GAB,2019,28.7633020707587,7441.1786472281,2.87430983233369,38.5,10.0968149829606,205.99945068,59.51760101,20.371,67.337,2267706,Sub-Saharan Africa
"Gambia, The",GMB,2000,42.9212493896484,538.054072348854,1.46587002277374,112.8,53.0277667126216,74.83678436,0.921794919066406,9.722,56.899,1455084,Sub-Saharan Africa
"Gambia, The",GMB,2001,42.8266181945801,459.803068381399,1.15810000896454,108.1,51.6508020234083,55.65046692,1.33679116648397,9.64,57.283,1495011,Sub-Saharan Africa
"Gambia, The",GMB,2002,44.4936485290527,376.531026962584,1.44291996955872,103.6,50.4268846622967,35.99459839,1.79677988296495,10.039,57.736,1535691,Sub-Saharan Africa
"Gambia, The",GMB,2003,41.3445281982422,308.719123437587,1.36337995529175,99.2,49.3989922004629,28.3001461,2.436781193062,9.991,58.223,1577611,Sub-Saharan Africa
"Gambia, The",GMB,2004,40.6318206787109,593.285346326581,0.622470021247864,94.9,48.4937977402199,32.15613174,3.30800347812937,9.948,58.749,1621312,Sub-Saharan Africa
"Gambia, The",GMB,2005,42.1068687438965,616.483657865348,0.691879987716675,90.7,47.6417867339387,33.2039566,3.799000025,9.92,59.11,1667037,Sub-Saharan Africa
"Gambia, The",GMB,2006,37.7027015686035,614.544307904464,0.751630008220673,86.8,46.8396714629434,33.41355896,5.23769115841218,10.241,59.667,1715275,Sub-Saharan Africa
"Gambia, The",GMB,2007,35.6025505065918,724.726407242432,0.816860020160675,83.0,46.0803890576146,35.91078568,6.20503741852418,10.425,60.001,1765774,Sub-Saharan Africa
"Gambia, The",GMB,2008,38.9452514648438,859.127671411226,2.18129992485046,79.4,45.3568766483329,40.0297699,6.880000114,10.065,60.473,1817852,Sub-Saharan Africa
"Gambia, The",GMB,2010,36.8116296744773,801.033372714536,2.56322002410889,72.7,43.9889103394338,32.99832535,9.2,9.673,61.167,1926630,Sub-Saharan Africa
"Gambia, The",GMB,2011,37.989864651392,710.608411468152,2.50116991996765,69.7,43.3303307005775,31.05148888,10.87030029,10.276,61.561,1983784,Sub-Saharan Africa
"Gambia, The",GMB,2012,35.1453476686549,692.579361628102,2.63756990432739,66.8,42.6792695792909,29.56409264,12.44919968,10.346,61.9,2043094,Sub-Saharan Africa
"Gambia, The",GMB,2013,34.614606941632,653.862713272743,1.81839001178741,64.0,42.029694388495,25.59075928,14.0,9.454,62.252,2103820,Sub-Saharan Africa
"Gambia, The",GMB,2014,32.4663892915197,568.00453558864,2.23094010353088,61.4,41.3858200344449,17.33743477,15.56000042,8.191,62.576,2164528,Sub-Saharan Africa
"Gambia, The",GMB,2015,29.4556407928467,619.536364296461,2.16002988815308,58.9,40.7541500591612,19.67725563,17.59950066,7.226,62.971,2224529,Sub-Saharan Africa
"Gambia, The",GMB,2016,27.8532262531155,650.056501323611,2.0244300365448,56.6,40.1347527513437,20.77086067,19.90640068,6.244,63.386,2283769,Sub-Saharan Africa
"Gambia, The",GMB,2017,25.354547948005,642.522641296331,2.45919445096525,54.3,39.528287342763,21.55331612,22.5156002,5.097,63.708,2342189,Sub-Saharan Africa
"Gambia, The",GMB,2018,23.6451851290903,696.219806960615,2.36543989181519,52.3,38.9354130651893,22.17474365,28.30900002,4.055,64.034,2399632,Sub-Saharan Africa
"Gambia, The",GMB,2019,20.2548339318684,738.186751987483,2.80809703332656,50.4,38.356789150393,23.21861267,31.11829948,4.481,64.427,2456844,Sub-Saharan Africa
"Gambia, The",GMB,2020,18.4363476820539,720.335143352133,2.88734569797808,48.6,37.7930748301445,28.9169693,36.01100159,5.84,64.418,2515733,Sub-Saharan Africa
"Gambia, The",GMB,2021,19.0235952871828,781.890925169531,3.04477694635226,47.0,37.2449293362141,29.77283478,41.67309952,6.213,63.847,2576010,Sub-Saharan Africa
"Gambia, The",GMB,2022,18.7838262836972,836.244875868476,2.89168744551701,45.3,36.7130119003722,29.57811737,48.22539902,6.067,64.859,2636470,Sub-Saharan Africa
Ghana,GHA,2000,34.4790916442871,253.746936203344,,99.9,56.0626213359384,10.46035767,0.153615297625799,10.456,58.139,19637087,Sub-Saharan Africa
Ghana,GHA,2001,39.5224685668945,263.542156494853,5.35444021224976,95.8,55.3589492682299,12.15051079,0.200008060324831,9.615,58.403,20167069,Sub-Saharan Africa
Ghana,GHA,2002,35.2796211242676,297.46164468774,,91.9,54.6515307875194,14.30371571,0.830284033818738,8.711,58.709,20729388,Sub-Saharan Africa
Ghana,GHA,2003,35.2729797363281,358.39927142073,,88.2,53.9452026418582,18.96423721,1.19305791098328,7.728,59.014,21296705,Sub-Saharan Africa
Ghana,GHA,2005,29.2638492584229,478.611909191028,7.42208003997803,82.0,52.5471562204243,38.51657486,1.83119746104616,5.816,59.638,22449438,Sub-Saharan Africa
Ghana,GHA,2006,26.8155899047852,906.441027564887,5.14794015884399,79.1,51.8611073770215,49.34616852,2.72317597313987,4.897,59.975,23040702,Sub-Saharan Africa
Ghana,GHA,2007,21.6305999755859,1050.12461524926,5.51986980438232,76.2,51.1874877334082,57.34096527,3.85,5.104,60.282,23642279,Sub-Saharan Africa
Ghana,GHA,2008,16.5170497894287,1182.65761256016,5.75795984268188,73.1,50.5291320057694,63.45487595,4.27,5.144,60.578,24249946,Sub-Saharan Africa
Ghana,GHA,2009,16.9132099151611,1047.70430093586,5.31744003295898,69.8,49.8888749102901,62.44382095,5.44,5.362,60.928,24862664,Sub-Saharan Africa
Ghana,GHA,2011,11.2846919322893,1507.43573198753,8.14097023010254,63.3,48.6695913353512,91.70959473,9.0,4.213,61.617,26095088,Sub-Saharan Africa
Ghana,GHA,2012,13.300734156805,1543.77524235764,7.91913986206055,60.3,48.0802081618969,81.96895599,10.6,3.126,61.995,26734268,Sub-Saharan Africa
Ghana,GHA,2014,9.497733186379,1949.90832923846,4.39978981018066,54.9,46.9336601202852,78.46701813,19.0,4.403,62.832,28041592,Sub-Saharan Africa
Ghana,GHA,2016,0.242064536944613,1912.47991339951,4.3945198059082,50.3,45.832947241726,64.86400604,28.0,5.256,63.522,29356742,Sub-Saharan Africa
Ghana,GHA,2017,6.84285514537015,2012.28662641265,3.53362989425659,48.2,45.3008580220872,54.10602188,37.88420105,3.369,63.829,30008354,Sub-Saharan Africa
Ghana,GHA,2018,8.17129370301409,2195.32166016377,3.8861300945282,46.1,44.781522433407,53.37788773,43.0,3.204,64.138,30637585,Sub-Saharan Africa
Ghana,GHA,2019,5.51481162263524,2186.65822682613,3.15307114842573,44.1,44.2753720890839,71.14958191,22.0732,3.067,64.455,31258945,Sub-Saharan Africa
Ghana,GHA,2020,10.5618275440431,2195.45481659987,3.40915991351725,42.2,43.7828386025163,97.37677765,62.51760101,3.178,64.309,31887809,Sub-Saharan Africa
Ghana,GHA,2021,9.94091987609863,2445.18662529344,3.4005042684722,40.3,43.3047443173464,94.40388489,68.6,3.2,64.286,32518665,Sub-Saharan Africa
Guinea,GIN,2000,54.1141815185547,518.157066924026,1.7786500453949,165.7,69.0768894354776,22.71741867,0.0954249236063846,4.586,52.42,8428832,Sub-Saharan Africa
Guinea,GIN,2001,51.1916389465332,483.085120214741,1.42785000801086,159.0,68.7823051593746,21.76875114,0.175541868491054,4.584,52.669,8539960,Sub-Saharan Africa
Guinea,GIN,2002,44.2641105651855,495.916073559269,1.77897000312805,152.7,68.4868637914186,24.83917809,0.402022748744397,4.549,53.2,8674066,Sub-Saharan Africa
Guinea,GIN,2003,41.1897201538086,566.48540588068,1.62612998485565,146.9,68.1913984963673,25.60194969,0.450960370842751,4.628,53.589,8870781,Sub-Saharan Africa
Guinea,GIN,2004,38.3889389038086,584.897740538081,1.5156899690628,141.6,67.8967424389784,26.41420937,0.508819332302937,4.709,53.975,9062726,Sub-Saharan Africa
Guinea,GIN,2005,36.6825408935547,463.17768685098,1.26814997196198,137.0,67.6037287840093,19.66388702,0.542299986,4.814,54.422,9245844,Sub-Saharan Africa
Guinea,GIN,2006,34.6816787719727,446.980554135013,,133.1,67.3131906962178,16.15967941,0.637499988,4.863,54.875,9441171,Sub-Saharan Africa
Guinea,GIN,2007,32.682991027832,650.148575304743,,129.7,67.0259613403614,22.64143372,0.780025279059244,4.787,55.233,9662281,Sub-Saharan Africa
Guinea,GIN,2008,33.4227485656738,703.532825784369,1.58112001419067,126.9,66.7428738811978,22.97397041,0.92,4.803,55.703,9898870,Sub-Saharan Africa
Guinea,GIN,2009,31.6104202270508,662.185914665575,2.20725011825561,124.4,66.4647614834846,23.71565628,0.94,4.914,56.052,10143534,Sub-Saharan Africa
Guinea,GIN,2010,28.1494102478027,659.235326211315,2.55118989944458,122.2,66.1924573119794,22.59741783,1.0,5.018,56.431,10396086,Sub-Saharan Africa
Guinea,GIN,2011,23.5245208740234,636.694958747648,2.28742003440857,120.3,65.9267945314397,24.12806129,2.0,5.024,56.778,10656810,Sub-Saharan Africa
Guinea,GIN,2012,23.9242496490479,699.353377212197,1.83369994163513,118.4,65.6686063066233,23.70012856,3.099999905,4.874,57.117,10921581,Sub-Saharan Africa
Guinea,GIN,2013,22.0636291503906,748.455020824734,2.63421988487244,116.6,65.4187258022878,25.90467834,4.5,4.944,57.459,11191873,Sub-Saharan Africa
Guinea,GIN,2014,18.4385299682617,765.146999389279,2.42281007766724,115.4,65.1822079173318,36.63517761,6.400000095,5.044,57.581,11472924,Sub-Saharan Africa
Guinea,GIN,2016,20.5438709259033,711.996509782316,2.54450011253357,111.4,64.6899719238281,38.42609406,13.10000038,4.997,58.49,12073030,Sub-Saharan Africa
Guinea,GIN,2020,14.727840423584,1053.66097696415,2.44806003570557,102.9,63.5197791939449,41.1027565,26.14550018,6.007,59.35,13371183,Sub-Saharan Africa
Guinea-Bissau,GNB,2000,50.7555503845215,316.945495037639,,174.8,63.1587945611768,13.2785511,0.230103170591588,3.358,50.565,1234741,Sub-Saharan Africa
Guinea-Bissau,GNB,2010,30.5452404022217,600.194298540768,1.68221998214722,114.3,59.9904403686523,29.23748016,2.450000048,3.121,56.999,1566347,Sub-Saharan Africa
Kenya,KEN,2000,34.9548683166504,414.626365130846,5.1867299079895,95.2,80.5446167788166,21.53400993,0.318059713612037,2.884,56.084,30642890,Sub-Saharan Africa
Kenya,KEN,2001,27.1735706329346,410.700452474814,5.20621013641357,90.5,79.5583702931167,22.11487579,0.619782266151425,2.876,56.501,31619170,Sub-Saharan Africa
Kenya,KEN,2002,29.3811798095703,402.936385605382,6.17199993133545,85.6,78.1413431862499,22.28772163,1.20777388492125,2.916,56.759,32629808,Sub-Saharan Africa
Kenya,KEN,2003,14.9744300842285,442.898457253405,6.49428987503052,80.8,76.436110188101,25.64012337,2.94190286101524,2.869,57.369,33652223,Sub-Saharan Africa
Kenya,KEN,2004,15.9046497344971,463.662781300121,6.79693984985352,76.1,74.5852460285546,27.65002823,3.0235280420962,2.844,57.947,34713455,Sub-Saharan Africa
Kenya,KEN,2005,14.6882095336914,523.456312433863,7.3356499671936,71.2,72.7313254374952,30.9943428,3.101900101,2.739,58.51,35796484,Sub-Saharan Africa
Kenya,KEN,2006,15.1697702407837,699.80237063381,7.04981994628906,66.8,71.0169231448075,40.3040123,3.599999905,2.673,59.059,36904008,Sub-Saharan Africa
Kenya,KEN,2007,5.01288986206055,840.201439476765,,62.9,69.5846138803761,49.44605255,4.400000095,2.642,59.407,38036349,Sub-Saharan Africa
Kenya,KEN,2008,9.38082027435303,915.54435473604,,58.0,68.5769723740857,54.35681915,5.199999809,2.751,59.955,39206351,Sub-Saharan Africa
Kenya,KEN,2009,7.63293981552124,1047.9678324485,,55.2,68.1396913292695,55.455616,6.1,2.816,60.483,40408891,Sub-Saharan Africa
Kenya,KEN,2012,17.2818298339844,1285.00536171512,4.93122005462646,50.7,68.1441869857239,64.48231506,10.5,2.678,61.537,43888303,Sub-Saharan Africa
Kenya,KEN,2021,36.2802190990614,2061.35622089594,4.89040202257195,41.3,68.7120665978029,94.20249176,26.96290016,5.693,61.225,53219166,Sub-Saharan Africa
Kenya,KEN,2022,32.8982475979253,2109.56288513137,4.51101801829815,40.5,68.5692179933054,91.18416595,29.40589905,5.565,63.549,54252461,Sub-Saharan Africa
Lesotho,LSO,2000,25.4932193756104,442.779545779081,10.0915498733521,108.3,80.6726011441619,23.71122551,0.211806070361977,16.169,48.783,2003913,Sub-Saharan Africa
Lesotho,LSO,2001,23.1881198883057,412.677473676821,9.36505031585693,110.3,80.1024763980114,28.22144127,0.261150063093855,16.081,47.153,2000853,Sub-Saharan Africa
Lesotho,LSO,2002,20.4187507629394,388.92334985135,10.1004495620728,112.1,79.5073727311438,23.20003891,1.08394313737534,16.079,45.95,1994679,Sub-Saharan Africa
Lesotho,LSO,2003,17.9600296020508,583.270036200288,13.2195701599121,113.2,78.8768915073075,32.02215576,1.53249659019509,16.056,44.921,1985059,Sub-Saharan Africa
Lesotho,LSO,2004,18.2052497863769,766.685820928242,11.1090097427368,113.9,78.2006340902506,41.18851089,2.17552433931097,16.154,44.039,1971129,Sub-Saharan Africa
Lesotho,LSO,2005,16.6606006622314,861.381496414995,12.0796604156494,114.6,77.4682018437212,41.66717911,2.580199957,16.031,43.611,1953076,Sub-Saharan Africa
Lesotho,LSO,2006,13.9902296066284,925.467485502842,11.2712802886963,114.7,76.6670113756886,49.67809296,2.97970818724486,16.054,43.182,1945063,Sub-Saharan Africa
Lesotho,LSO,2007,15.9502296447754,861.188420899563,,111.9,75.7812050094339,65.80387878,3.44543125970873,15.942,43.66,1953268,Sub-Saharan Africa
Lesotho,LSO,2008,15.1876802444458,898.482517882593,12.3287401199341,111.6,74.8033696340317,69.06710052,3.58,15.851,44.304,1966541,Sub-Saharan Africa
Lesotho,LSO,2009,15.8759002685547,878.847950537772,,99.1,73.7408971735145,80.82315063,3.72,16.115,45.055,1980883,Sub-Saharan Africa
Lesotho,LSO,2010,15.1866703033447,1119.47557793042,,90.9,72.5995184992005,85.87903595,3.859999895,16.068,46.045,1996251,Sub-Saharan Africa
Lesotho,LSO,2011,14.8736938432399,1280.73390931581,,85.2,71.3849644824079,117.67031097,7.0,16.115,46.93,2014009,Sub-Saharan Africa
Lesotho,LSO,2012,14.7650580935176,1217.93071228944,,81.4,70.1029659944547,125.37831116,10.0,15.761,48.235,2034354,Sub-Saharan Africa
Lesotho,LSO,2013,14.5525177790671,1151.03735837227,,79.3,68.7592539066593,131.35578918,15.0,15.926,49.547,2056504,Sub-Saharan Africa
Lesotho,LSO,2014,15.9375883850288,1173.5377928819,,77.6,67.3595590903396,121.21549988,22.0,16.066,50.786,2080089,Sub-Saharan Africa
Lesotho,LSO,2015,16.6599263903638,1121.19851342518,7.64272055728181,75.1,65.9096124168139,104.59999847,25.0,16.223,51.83,2104611,Sub-Saharan Africa
Lesotho,LSO,2016,16.1505096069654,992.491840678465,7.55247411216023,71.4,64.4922049290559,91.0127182,32.4538569477365,16.138,52.908,2130422,Sub-Saharan Africa
Lesotho,LSO,2017,14.8123389776046,1069.36673247542,8.1553201675415,70.1,63.4716351931154,115.43321228,39.0,16.379,53.874,2157110,Sub-Saharan Africa
Lesotho,LSO,2018,20.19961306989,1170.65569702819,7.28360986709595,68.8,62.430907252585,130.93614197,40.79999924,16.614,54.638,2183603,Sub-Saharan Africa
Lesotho,LSO,2019,22.8527615852612,1082.05706777516,,68.1,61.3959079553741,235.94372559,42.301733569273,16.876,55.249,2209405,Sub-Saharan Africa
Lesotho,LSO,2020,24.3046350420478,918.582574704447,,66.3,60.3670694574468,96.84536743,43.65750122,18.385,55.133,2235727,Sub-Saharan Africa
Lesotho,LSO,2021,30.3230958461402,1066.58645143823,,64.0,59.3448239148003,115.81448364,45.05670166,18.214,54.209,2261542,Sub-Saharan Africa
Lesotho,LSO,2022,29.3846671417181,1030.12582947757,,62.0,58.3296034834678,133.32562256,48.06959915,16.623,56.812,2286110,Sub-Saharan Africa
Liberia,LBR,2008,59.5840911865234,451.713856283285,1.70166003704071,114.0,52.8919502128975,26.30083656,0.529999971,2.221,58.675,3821003,Sub-Saharan Africa
Liberia,LBR,2011,3.94867528650225,568.087865520004,,102.4,51.3416697229151,47.58517075,2.5,2.211,59.486,4221178,Sub-Saharan Africa
Liberia,LBR,2014,11.4275703430176,706.714490064507,2.20005011558533,97.0,49.7801846843358,54.82420349,5.409999847,2.079,59.21,4564293,Sub-Saharan Africa
Liberia,LBR,2015,13.6138734282405,692.590082351257,2.11587468207978,93.2,49.2565617038637,68.89793396,10.0,2.557,59.248,4659431,Sub-Saharan Africa
Liberia,LBR,2016,20.3932632474057,714.613063145659,2.11479684223088,91.5,48.7312689765616,67.68016052,15.69999981,3.081,60.483,4755608,Sub-Saharan Africa
Liberia,LBR,2017,26.4375547197036,699.269095727404,2.66330003738403,90.3,48.2042430446151,67.8789978,16.29999924,3.067,60.777,4848925,Sub-Saharan Africa
Liberia,LBR,2020,31.3878584438744,616.787867006715,2.13601415111746,88.3,46.6121314427619,76.11009979,22.91069984,4.102,61.267,5149463,Sub-Saharan Africa
Liberia,LBR,2021,35.4064080069429,667.96610514319,2.4235999584198,88.0,46.0775381140902,88.54867554,26.38229942,3.844,61.166,5259323,Sub-Saharan Africa
Liberia,LBR,2022,38.2539784581758,744.617175237387,2.2760960068702,87.8,45.5408942917,100.49607086,30.38010025,2.956,61.934,5373294,Sub-Saharan Africa
Madagascar,MDG,2000,36.935131072998,280.282905559649,2.4386899471283,104.4,74.9904244391736,11.1882658,0.196394691006341,5.8,57.974,16516338,Sub-Saharan Africa
Madagascar,MDG,2001,36.1187705993652,319.283278235657,2.707200050354,99.8,74.6920056031854,13.13894939,0.222511586178292,5.35,58.674,17032939,Sub-Saharan Africa
Madagascar,MDG,2002,35.9619293212891,304.941777398445,2.23179006576538,95.6,74.3962510081096,15.02957344,0.339720154596142,5.515,59.17,17549913,Sub-Saharan Africa
Madagascar,MDG,2003,27.1870098114014,352.620095849925,2.61094999313354,91.6,74.1032331921522,17.64075851,0.423252419277809,5.01,59.693,18071854,Sub-Saharan Africa
Madagascar,MDG,2010,2.03142806059933,450.009391645726,2.28856151148168,70.3,72.1348315050897,21.13975906,1.700000048,4.28,62.597,22183340,Sub-Saharan Africa
Madagascar,MDG,2011,1.71660389465642,506.163691559309,2.38168001174927,68.6,71.8663192975037,22.88667488,1.899999976,2.516,62.86,22822300,Sub-Saharan Africa
Madagascar,MDG,2013,2.07505564996774,515.301589361832,1.77695000171661,66.4,71.3395362894607,19.33186913,3.0,0.995,63.161,24109290,Sub-Saharan Africa
Madagascar,MDG,2014,2.02868542137425,505.684922503435,2.3812301158905,65.7,71.0814105654162,22.56570244,3.700000048,1.385,63.261,24764348,Sub-Saharan Africa
Madagascar,MDG,2015,2.09567436011574,445.320069480568,2.21011996269226,65.3,70.8268920789646,22.29386139,4.173999786,1.785,63.362,25426702,Sub-Saharan Africa
Madagascar,MDG,2016,2.86686559215041,453.970714522463,2.68719005584717,64.9,70.5760533683122,24.20793915,4.713699818,1.949,63.431,26099952,Sub-Saharan Africa
Madagascar,MDG,2017,2.1948649329421,491.866848718929,2.70137416707567,64.9,70.328966971665,23.62072182,6.406000137,2.123,63.433,26788375,Sub-Saharan Africa
Madagascar,MDG,2018,2.40325755501574,500.45718552916,2.84409999847412,64.9,70.0818874653091,21.12731934,7.747799873,2.303,63.491,27494926,Sub-Saharan Africa
Madagascar,MDG,2021,2.54610162822651,483.469463351195,3.19807542117225,65.0,68.8862876783964,17.17938805,13.74590015,3.498,62.516,29691083,Sub-Saharan Africa
Madagascar,MDG,2022,3.15875784433437,504.059106969168,3.06772823003204,64.5,68.4602186534114,15.85809231,17.81170082,3.186,63.068,30437261,Sub-Saharan Africa
Malawi,MWI,2004,0.83856999874115,404.674248445428,,118.7,84.9683960178054,15.94395351,0.347505334967577,4.964,51.073,12500737,Sub-Saharan Africa
Malawi,MWI,2005,0.756869971752167,414.361121984475,,109.7,84.8958206343759,17.24028015,0.384499997,4.935,52.469,12840031,Sub-Saharan Africa
Malawi,MWI,2006,1.26760005950928,440.822149023873,,102.7,84.8246012982843,20.95070648,0.425099999,4.954,53.652,13198701,Sub-Saharan Africa
Malawi,MWI,2007,3.28538990020752,475.180261659331,,96.9,84.7522039272139,25.0216465,0.965864736553132,4.876,54.687,13576343,Sub-Saharan Africa
Malawi,MWI,2008,1.29830002784729,554.048820396119,,91.0,84.6761970071622,32.73482132,0.7,4.796,55.715,13976417,Sub-Saharan Africa
Malawi,MWI,2009,0.961830019950867,625.869729869625,,85.3,84.5984687233152,35.56456757,1.07,4.732,56.714,14395788,Sub-Saharan Africa
Malawi,MWI,2021,2.23719175594498,617.446994451007,,50.0,83.5118074199306,46.41017532,15.30300045,5.652,64.782,20047258,Sub-Saharan Africa
Malawi,MWI,2022,2.08900513013386,604.269740360317,2.74888371105811,50.1,83.2853968020564,40.03453827,16.84830093,5.02,66.037,20568728,Sub-Saharan Africa
Mali,MLI,2002,52.28173828125,378.191678628068,2.8962299823761,177.7,80.3207019637269,15.89499378,0.2270455784917,1.36,51.995,12288050,Sub-Saharan Africa
Mali,MLI,2003,51.8875999450684,441.910358475171,3.8055899143219,171.7,79.9405768752015,18.76944542,0.310364443230575,1.272,52.632,12684955,Sub-Saharan Africa
Mali,MLI,2004,51.5368003845215,495.006294675661,2.95918989181519,165.8,79.5429467107036,21.72010231,0.432819639900985,1.413,53.253,13102409,Sub-Saharan Africa
Mali,MLI,2005,46.5205688476562,548.730382848879,2.74722003936768,160.1,79.1293284577795,23.97353554,0.507099986,1.367,53.792,13538647,Sub-Saharan Africa
Mali,MLI,2006,45.2731285095215,586.985415512593,,154.6,78.7012391039754,26.93190002,0.729600012,1.395,54.305,13990139,Sub-Saharan Africa
Mali,MLI,2007,43.3457984924316,670.853394978069,,149.2,78.2601956368378,29.63545799,0.81,1.372,54.756,14457775,Sub-Saharan Africa
Mali,MLI,2009,36.7279281616211,787.48256428259,3.14385008811951,138.9,77.3442044782116,34.64731598,1.799999952,1.406,55.588,15435539,Sub-Saharan Africa
Mali,MLI,2010,35.9002003888327,797.151541141189,2.70853996276856,133.8,76.8640538175106,31.36436844,2.0,1.375,55.993,15945198,Sub-Saharan Africa
Mali,MLI,2011,35.2485645715884,938.292902579598,3.14614009857178,128.8,76.3620325960696,31.67968369,2.2,1.403,56.367,16469049,Sub-Saharan Africa
Mali,MLI,2012,37.5210554716051,872.506092463946,2.90706992149353,123.9,75.8393831151412,27.53120613,2.799999952,1.462,56.696,16957033,Sub-Saharan Africa
Mali,MLI,2013,41.5862221361924,901.920957649814,2.75836992263794,119.1,75.2966373145117,30.06661987,3.5,1.517,57.052,17459615,Sub-Saharan Africa
Mali,MLI,2014,40.8206150283567,947.915033293219,3.09299993515015,114.4,74.7343271339675,35.7261734,7.0,1.476,57.482,18020267,Sub-Saharan Africa
Mali,MLI,2015,43.43178463111,838.11986940103,3.19690990447998,109.7,74.152984513295,28.97842216,10.32999992,1.404,57.852,18593022,Sub-Saharan Africa
Mali,MLI,2016,42.0714618375195,872.468587171653,2.59244990348816,105.1,73.5531413922805,27.58086205,14.0,1.367,58.286,19191289,Sub-Saharan Africa
Mali,MLI,2017,37.0019891312597,924.057531692284,3.18063998222351,100.6,72.9353297107104,28.49467659,18.89999962,1.498,58.562,19813011,Sub-Saharan Africa
Mali,MLI,2018,45.072078704834,996.379292136901,2.98218989372253,96.2,72.3000814083712,31.16962242,21.39999962,1.62,58.873,20442030,Sub-Saharan Africa
Mauritania,MRT,2000,40.6455993652344,680.911061879778,,98.0,61.9444141457826,23.00290108,0.192031462434805,10.03,61.044,2613441,Sub-Saharan Africa
Mauritania,MRT,2001,38.0263404846191,651.817840199777,2.10683989524841,93.4,61.8929236849579,23.28163338,0.261448551967195,10.132,61.662,2678760,Sub-Saharan Africa
Mauritania,MRT,2002,39.0946083068848,648.879643934862,2.27714991569519,88.2,61.6099621561792,25.96999741,0.363229414608579,10.201,62.249,2738655,Sub-Saharan Africa
Mauritania,MRT,2003,36.3771095275879,732.017820812675,2.36501002311706,82.8,61.1133077680081,29.51877594,0.424004895843197,9.911,62.805,2802046,Sub-Saharan Africa
Mauritania,MRT,2004,29.5826091766357,823.554457141893,1.9507999420166,77.5,60.4314424335539,31.47280884,0.481470438230954,9.77,63.369,2868664,Sub-Saharan Africa
Mauritania,MRT,2005,30.653450012207,998.96583416747,,72.5,59.592848065926,34.00539017,0.670000017,9.59,63.92,2939059,Sub-Saharan Africa
Mauritania,MRT,2006,27.5692195892334,1300.60367988659,1.95850002765655,68.1,58.6260065782336,35.14922333,0.979700029,9.313,64.493,3013660,Sub-Saharan Africa
Mauritania,MRT,2007,25.8888206481934,1405.15016203368,,64.3,57.5593998835861,40.41820145,1.433599949,9.482,64.885,3093059,Sub-Saharan Africa
Mauritania,MRT,2008,28.6169109344482,1635.5630623124,,61.3,56.4215098950927,49.2858696,1.870000005,9.715,65.233,3183269,Sub-Saharan Africa
Mauritania,MRT,2009,28.8192691802979,1435.43010811893,,58.8,55.2408185258629,44.64679718,2.279999971,10.214,65.485,3284448,Sub-Saharan Africa
Mauritania,MRT,2010,28.6183395385742,1659.96369705455,,56.8,54.0458076890058,43.759655,4.0,10.093,65.661,3390965,Sub-Saharan Africa
Mauritania,MRT,2011,28.8140482329312,1931.19975525465,2.33102011680603,55.1,52.8649592976309,47.77469254,4.5,9.976,65.754,3502811,Sub-Saharan Africa
Mauritania,MRT,2012,30.8624895641009,1859.11733247641,2.15821003913879,53.5,51.7267552648475,49.2515831,5.0,9.864,65.808,3619034,Sub-Saharan Africa
Mauritania,MRT,2013,29.2575348372561,1936.26950446101,2.29352998733521,52.1,50.6446026774087,55.47412872,6.199999809,9.926,65.89,3734318,Sub-Saharan Africa
Mauritania,MRT,2014,28.0360866015015,1718.97089374709,2.55796423507035,50.6,49.5305208773144,59.39431381,11.80000019,10.026,66.207,3848514,Sub-Saharan Africa
Mauritania,MRT,2015,24.5683180028089,1558.84205473416,2.82956598871445,49.1,48.3319649950378,57.1233139,17.60000038,10.104,66.498,3965959,Sub-Saharan Africa
Mauritania,MRT,2016,32.7170404969266,1568.00551190332,1.94405996799469,47.7,47.0814372680054,49.90084076,19.23279953,10.287,66.823,4086657,Sub-Saharan Africa
Mauritania,MRT,2017,28.8442066497387,1617.93401542267,,46.2,45.8029551497996,55.22446442,21.01720047,10.336,67.088,4210600,Sub-Saharan Africa
Mauritania,MRT,2018,27.4673756502152,1723.37809442655,,44.7,44.8694922999919,49.68307495,22.96699905,10.411,67.419,4337685,Sub-Saharan Africa
Mauritania,MRT,2019,30.9051396196951,1767.072710621,1.82317996025085,43.4,43.9403784220854,54.63365555,25.0977993,10.416,67.64,4467708,Sub-Saharan Africa
Mauritania,MRT,2020,25.3996261081279,1795.72437324423,1.80263996124268,42.0,43.0163298941107,53.89974594,29.90649986,11.051,66.794,4600131,Sub-Saharan Africa
Mauritius,MUS,2000,0.368519991636276,3981.98343249582,3.71902990341186,18.8,57.936876936712,115.89820862,7.28153511499385,9.125,71.6634146341463,1186873,Sub-Saharan Africa
Mauritius,MUS,2001,0.556050002574921,3908.55694927435,3.07347989082336,17.5,58.1172785819819,116.36106873,8.78090401892036,9.14,71.7658536585366,1196287,Sub-Saharan Africa
Mauritius,MUS,2002,0.542959988117218,4073.06053055903,3.02024006843567,16.6,58.3013170061136,132.38633728,10.252624671916,8.205,71.9658536585366,1204621,Sub-Saharan Africa
Mauritius,MUS,2003,0.496930003166199,4858.26575549747,4.35718011856079,16.0,58.4872934748246,157.68417358,12.1871062041308,8.318,72.1170731707317,1213370,Sub-Saharan Africa
Mauritius,MUS,2004,1.91969001293182,5460.60800184198,4.25576019287109,15.7,58.6734459977958,184.74328613,13.6890885885342,8.337,72.2658536585366,1221003,Sub-Saharan Africa
Mauritius,MUS,2005,1.73598003387451,5354.02974260642,4.02402019500732,15.6,58.8580125847083,192.13858032,15.1722002,9.524,72.4321951219512,1228254,Sub-Saharan Africa
Mauritius,MUS,2006,1.82960999011993,5784.22491883026,3.64840006828308,15.4,59.0392312452433,203.24180603,16.7,9.04,72.4321951219512,1233996,Sub-Saharan Africa
Mauritius,MUS,2007,2.33944010734558,6677.37538616398,3.18540000915527,15.2,59.2153399890817,229.2313385,20.22,8.475,72.5707317073171,1239630,Sub-Saharan Africa
Mauritius,MUS,2008,2.33555006980896,8140.47983639243,3.06307005882263,15.0,59.3845768259046,312.88540649,21.81,7.17,72.5707317073171,1244121,Sub-Saharan Africa
Mauritius,MUS,2009,3.17569994926453,7426.86137313939,3.04731011390686,14.9,59.5451797653931,301.67260742,22.51,7.257,72.8824390243903,1247429,Sub-Saharan Africa
Mauritius,MUS,2010,3.10436101045923,8113.17670740212,3.55147004127502,14.8,59.6953868172282,357.17382813,28.33,7.654,72.9673170731707,1250400,Sub-Saharan Africa
Mauritius,MUS,2011,3.62642950093505,9324.24232310496,3.33207011222839,14.9,59.8334076771284,385.76248169,34.95000076,7.447,73.2668292682927,1252404,Sub-Saharan Africa
Mauritius,MUS,2012,7.66365273964218,9421.52514098225,3.41820001602173,15.0,59.9630488384915,387.1026001,35.42,7.472,73.8634146341464,1255882,Sub-Saharan Africa
Mauritius,MUS,2013,5.8927158984684,9877.13865958834,3.56775999069214,14.9,60.0891151441229,440.00280762,40.116825135,7.322,74.0170731707317,1258927,Sub-Saharan Africa
Mauritius,MUS,2014,5.50804063217914,10490.3315563853,4.81514978408813,14.7,60.2112428028265,544.44122314,44.8032753683379,7.467,74.1943902439024,1261208,Sub-Saharan Africa
Mauritius,MUS,2015,5.28578678744817,9630.5437837507,4.75847005844116,14.5,60.3290389382274,515.72247314,50.1393184766711,7.41,74.3531707317073,1262879,Sub-Saharan Africa
Mauritius,MUS,2016,5.0050696832939,10095.1225574156,4.88207006454468,14.6,60.4421106739506,540.39239502,52.19129944,6.814,74.3948780487805,1263747,Sub-Saharan Africa
Mauritius,MUS,2017,4.69481132564871,10986.7034093005,4.87887001037598,15.0,60.5500651336211,594.86120605,55.4032403002657,6.752,74.5146341463415,1264887,Sub-Saharan Africa
Mauritius,MUS,2018,2.43054808375116,11818.7480619272,4.67447996139526,15.4,60.6525094408641,640.62182617,58.596169704299,6.426,74.4163414634146,1265577,Sub-Saharan Africa
Mauritius,MUS,2019,4.19625564880568,11568.2533399824,4.54195022583008,15.7,60.7490507193045,639.18286133,61.7299551453346,6.331,74.2358536585366,1265985,Sub-Saharan Africa
Mauritius,MUS,2020,3.64071801130672,9135.84773751062,4.35243988037109,15.8,60.8392960925675,541.95184326,67.73290684,8.626,74.1770731707317,1266014,Sub-Saharan Africa
Mauritius,MUS,2021,6.08726625111309,9177.71195973013,4.67151021957397,15.7,60.922852684278,593.77947998,71.59999847,7.719,73.680243902439,1266334,Sub-Saharan Africa
Morocco,MAR,2000,18.7122192382812,1499.107421875,,52.4,46.41275288875,54.63968277,0.693791244805455,13.58,66.794,28423435,"Middle East, North Africa, Afghanistan & Pakistan"
Morocco,MAR,2001,16.2943496704102,1506.24523925781,,50.2,46.1027386502781,56.55395889,1.37143810096418,12.46,67.2,28814643,"Middle East, North Africa, Afghanistan & Pakistan"
Morocco,MAR,2002,13.819860458374,1596.02062988281,,48.0,45.777254169823,63.57953644,2.37325319241544,11.59,67.582,29198142,"Middle East, North Africa, Afghanistan & Pakistan"
Morocco,MAR,2003,12.2828903198242,1941.87255859375,,45.8,45.4217188859229,77.74629211,3.35336668122363,11.92,67.958,29571415,"Middle East, North Africa, Afghanistan & Pakistan"
Morocco,MAR,2004,12.7745399475098,2183.55541992188,,43.6,45.0212430339131,91.17259979,11.6079347729582,10.83,68.272,29953018,"Middle East, North Africa, Afghanistan & Pakistan"
Morocco,MAR,2005,12.4429397583008,2242.98828125,,41.4,44.5602201323601,97.19748688,15.0844445240204,11.01,68.748,30358144,"Middle East, North Africa, Afghanistan & Pakistan"
Morocco,MAR,2006,11.8320302963257,2438.12646484375,,39.2,44.0372410370176,110.22368622,19.7711915653115,9.67,69.157,30771178,"Middle East, North Africa, Afghanistan & Pakistan"
Morocco,MAR,2007,11.3597002029419,2755.5859375,,36.9,43.4696158700936,131.86448669,21.5,9.56,69.62,31186468,"Middle East, North Africa, Afghanistan & Pakistan"
Morocco,MAR,2008,11.6580295562744,3183.20043945313,4.85339021682739,34.8,42.8745830727384,153.23677063,33.1,9.57,70.051,31606767,"Middle East, North Africa, Afghanistan & Pakistan"
Morocco,MAR,2009,12.7129001617432,3119.58862304688,4.83119010925293,32.8,42.2693810861023,165.50694275,41.3,8.96,70.454,32030778,"Middle East, North Africa, Afghanistan & Pakistan"
Morocco,MAR,2010,8.89751008253184,3067.9853515625,,30.9,41.6712483513354,168.36595154,52.0,9.09,70.821,32467016,"Middle East, North Africa, Afghanistan & Pakistan"
Morocco,MAR,2011,7.27160873075193,3301.98876953125,,29.2,41.097423309588,179.00019836,46.107482597,8.91,71.263,32912588,"Middle East, North Africa, Afghanistan & Pakistan"
Morocco,MAR,2012,7.93019083788596,3164.17724609375,5.55294838577208,27.5,40.5651444020105,172.04353333,55.4160531914894,8.99,71.674,33355241,"Middle East, North Africa, Afghanistan & Pakistan"
Morocco,MAR,2013,6.78384054599872,3379.7431640625,,26.0,40.0916500697531,179.81974792,56.0,9.23,72.117,33787571,"Middle East, North Africa, Afghanistan & Pakistan"
Morocco,MAR,2014,7.8231308820608,3435.40698242188,5.48276036642721,24.5,39.6969513828346,188.6415863,56.7746379160074,9.7,72.522,34204780,"Middle East, North Africa, Afghanistan & Pakistan"
Morocco,MAR,2015,10.3631187017355,3146.24780273438,5.133369043677,23.1,39.3582875262846,162.85198975,57.0799993486116,9.46,72.894,34607588,"Middle East, North Africa, Afghanistan & Pakistan"
Morocco,MAR,2016,8.26307675903486,3140.85546875,5.08530197423073,21.9,39.0342343462821,162.21507263,58.271236420398,9.3,73.228,35023457,"Middle East, North Africa, Afghanistan & Pakistan"
Morocco,MAR,2017,7.21811926058377,3296.52661132813,4.73564982004448,20.8,38.7238942968158,166.8500061,61.7622120123071,9.22,73.608,35446392,"Middle East, North Africa, Afghanistan & Pakistan"
Morocco,MAR,2018,5.12410020184331,3501.69799804688,4.96022713486949,19.9,38.4304177246686,175.70518494,64.8038651924043,9.272,73.946,35839760,"Middle East, North Africa, Afghanistan & Pakistan"
Morocco,MAR,2019,3.14722314869336,3508.09765625,5.0032567210502,19.1,38.1569549766235,178.73939514,84.1203630467602,9.191,74.245,36210898,"Middle East, North Africa, Afghanistan & Pakistan"
Morocco,MAR,2020,0.476719748992441,3268.0302734375,6.28428263644307,18.3,37.9066563994634,192.04043579,84.12036305,11.189,73.133,36584208,"Middle East, North Africa, Afghanistan & Pakistan"
Morocco,MAR,2021,0.471040654666576,3785.93627929688,5.64273401285138,17.6,37.6826723399711,209.57344055,88.13031937,10.551,73.385,36954442,"Middle East, North Africa, Afghanistan & Pakistan"
Mozambique,MOZ,2000,45.1765899658203,327.12623979157,,164.6,70.7576302688559,7.00877714,0.109592530041641,2.832,49.476,18129653,Sub-Saharan Africa
Mozambique,MOZ,2001,40.4076118469238,304.792138621913,,155.7,70.5862902235761,8.53719139,0.160031946644069,2.838,50.259,18537729,Sub-Saharan Africa
Mozambique,MOZ,2002,44.2234115600586,313.886661721198,,147.5,70.4313676665652,10.00207806,0.259612611253739,2.902,50.879,18958338,Sub-Saharan Africa
Mozambique,MOZ,2004,30.3258209228516,400.056973161545,3.19837999343872,132.5,70.1407885186018,14.12452602,0.679447835392438,2.953,51.855,19840313,Sub-Saharan Africa
Mozambique,MOZ,2005,24.8427906036377,436.773856167384,3.85834002494812,125.7,69.9901386782752,18.40718079,0.854399979,3.035,52.322,20304569,Sub-Saharan Africa
Mozambique,MOZ,2006,20.4916095733643,457.487647833183,3.7359299659729,118.8,69.8259198274693,18.05057144,0.842954488044236,3.037,52.748,20787087,Sub-Saharan Africa
Mozambique,MOZ,2007,14.7095203399658,507.874923914304,,110.7,69.6401868652878,19.29700851,0.91,3.082,53.255,21287635,Sub-Saharan Africa
Mozambique,MOZ,2008,10.6436700820923,592.159111184122,,104.4,69.4374642304816,24.48562622,1.56,3.112,53.799,21819036,Sub-Saharan Africa
Mozambique,MOZ,2009,8.75417995452881,547.697144193651,,98.3,69.2284407940841,27.68954468,2.68,3.207,54.4,22391745,Sub-Saharan Africa
Mozambique,MOZ,2010,6.559452309104,496.185839392659,5.24539789470058,95.6,69.0138220177079,26.26061249,4.17,3.259,55.04,22999235,Sub-Saharan Africa
Mozambique,MOZ,2011,7.95243330014954,618.17649286789,5.53052494030773,91.1,68.7937769967206,30.42516136,4.599999905,3.295,55.733,23649039,Sub-Saharan Africa
Mozambique,MOZ,2012,6.88203119422097,685.685748199513,5.5575098991394,86.5,68.5684748264895,35.24672699,5.0,3.304,56.46,24337846,Sub-Saharan Africa
Mozambique,MOZ,2013,4.98695576938246,686.505672517351,6.03575992584229,82.9,68.3380846023821,41.5031395,5.5,3.345,57.189,25051611,Sub-Saharan Africa
Mozambique,MOZ,2014,3.90419910474139,697.142680444123,6.39920843528224,79.7,68.1027754197658,43.50259018,6.0,3.377,57.965,25788475,Sub-Saharan Africa
Mozambique,MOZ,2015,2.75620945446678,610.563774706589,5.91515660575298,75.8,67.8627163740082,40.35658646,6.5,3.426,58.711,26547572,Sub-Saharan Africa
Mozambique,MOZ,2016,4.48894889129453,441.489734819071,5.80086994171143,73.3,67.6180765604766,31.85357285,7.0,3.65,59.455,27337105,Sub-Saharan Africa
Mozambique,MOZ,2017,6.52273035333077,470.93856305196,5.48664999008179,72.0,67.3725588507325,36.75825882,7.7963266079129,3.935,60.148,28166393,Sub-Saharan Africa
Mozambique,MOZ,2018,3.42923909105373,517.507260258101,5.38976001739502,70.2,67.0097440926459,41.29206467,10.89999962,4.21,60.79,29018644,Sub-Saharan Africa
Mozambique,MOZ,2019,1.26287947037948,519.09255091362,5.99969523584354,68.6,66.5822758482968,41.01906586,12.47929955,4.462,61.306,29884380,Sub-Saharan Africa
Mozambique,MOZ,2020,0.815585659753502,462.433876479921,6.17059556957808,67.6,66.0955993583715,34.92252731,14.28740025,5.019,61.39,30783688,Sub-Saharan Africa
Mozambique,MOZ,2022,0.999974790698898,578.273222184503,5.97607342054314,63.9,64.9463361952055,47.69813538,18.96220016,6.789,63.011,32656246,Sub-Saharan Africa
Namibia,NAM,2000,11.1417798995972,2156.67590512714,6.901780128479,78.2,67.8831043600123,217.55029297,1.64473954726899,20.3,52.946,1818647,Sub-Saharan Africa
Namibia,NAM,2001,11.0480604171753,1915.58926594875,6.88886976242065,77.6,67.1424941574281,201.46917725,2.41697944170998,21.009,51.98,1857048,Sub-Saharan Africa
Namibia,NAM,2002,9.85023975372314,1772.07565537493,6.7423300743103,76.6,66.3540698543972,187.86433411,2.63369976876116,21.538,51.988,1889970,Sub-Saharan Africa
Namibia,NAM,2003,9.46901035308838,2569.24739317883,6.13713979721069,75.6,65.4539936280367,278.70162964,3.35983988553801,22.104,51.918,1917464,Sub-Saharan Africa
Namibia,NAM,2004,10.8228597640991,3403.15496192955,,74.4,64.4643523329967,373.46408081,3.8047156152631,22.09,52.175,1942082,Sub-Saharan Africa
Namibia,NAM,2005,9.05410957336426,3685.77299991587,,71.0,63.4129985446936,402.20068359,4.010000229,22.108,52.557,1966582,Sub-Saharan Africa
Namibia,NAM,2006,10.388349533081,4017.1834716928,6.03171014785767,66.0,62.3277848385436,437.56240845,4.39887064732726,21.848,53.183,1991888,Sub-Saharan Africa
Namibia,NAM,2007,6.88400983810425,4379.04313682732,,62.0,61.236563789963,493.60388184,4.83561077833704,22.12,54.026,2018600,Sub-Saharan Africa
Namibia,NAM,2008,6.79179000854492,4204.78555422749,6.40342998504639,57.5,60.1671879743682,443.17068481,5.32900377208954,22.005,54.74,2047056,Sub-Saharan Africa
Namibia,NAM,2009,5.94267988204956,4302.91374148376,,53.2,59.1475099671754,420.74865723,6.5,22.271,55.347,2077394,Sub-Saharan Africa
Namibia,NAM,2010,4.91633692122687,5418.21633365814,8.24330043792725,50.3,58.2053823438009,567.35003662,11.6,22.12,56.093,2109811,Sub-Saharan Africa
Namibia,NAM,2011,3.71432123623629,5834.7917675794,8.02137930818109,50.0,57.3723924378465,624.59814453,12.0,19.481,56.647,2146325,Sub-Saharan Africa
Namibia,NAM,2012,2.00789838030487,5942.64680978673,9.24281237985165,52.6,56.6195920814306,606.36633301,12.94139957,16.771,57.733,2194654,Sub-Saharan Africa
Namibia,NAM,2013,0.795602341047532,5346.62131149967,8.59541659523254,50.8,55.8893230920868,539.41345215,13.89999962,19.028,58.468,2252508,Sub-Saharan Africa
Namibia,NAM,2014,1.1575826778783,5378.32326241205,3.66711166353218,50.0,55.1785751789441,452.2585144,14.84000015,18.521,59.311,2312139,Sub-Saharan Africa
Namibia,NAM,2015,1.39768723642356,4774.10650865775,9.8507685020388,51.8,54.4896445554675,476.50784302,25.68790054,20.791,60.008,2374300,Sub-Saharan Africa
Namibia,NAM,2016,1.56804406309793,4395.68776162376,10.5927948535144,51.4,53.8248274351216,409.78051758,31.0333004,23.352,60.81,2439213,Sub-Saharan Africa
Namibia,NAM,2017,1.46290504092309,5143.96072323076,1.39524534605831,49.8,53.1864200313712,447.95223999,36.83739853,21.748,61.661,2506853,Sub-Saharan Africa
Namibia,NAM,2018,1.47252992503454,5308.60813408705,8.88112249415185,48.5,52.5767185576811,457.6807251,42.8207016,19.877,62.579,2577327,Sub-Saharan Africa
Namibia,NAM,2019,1.40767989066108,4731.9210318831,9.32253195522987,46.6,51.9980192275161,419.14828491,49.77590179,19.929,63.546,2650494,Sub-Saharan Africa
Namibia,NAM,2020,1.05016801743774,3878.58982993966,9.27799879073429,44.8,51.452618254341,370.81643677,57.8608017,21.003,64.071,2728762,Sub-Saharan Africa
Namibia,NAM,2021,0.862854624178714,4412.8355693052,10.3914477380895,43.2,50.9428118516204,449.95172119,60.25999832,20.931,60.85,2810548,Sub-Saharan Africa
Namibia,NAM,2022,1.09937894341155,4349.79908493314,9.3919470845238,41.6,50.4708962328193,418.53683472,62.99720001,19.615,64.19,2889662,Sub-Saharan Africa
Niger,NER,2000,73.2808380126953,194.771959898935,2.5650200843811,227.9,83.8692321777344,9.04467964,0.0362612938065891,1.427,49.172,11509630,Sub-Saharan Africa
Niger,NER,2001,69.7521514892578,205.417936120931,2.27981996536255,217.4,83.7312774658203,9.68088055,0.10518543139701,1.47,49.872,11920647,Sub-Saharan Africa
Niger,NER,2002,66.3436584472656,225.294391147438,2.40135002136231,205.9,83.7312793731689,10.84433079,0.127152468779619,1.808,50.645,12349144,Sub-Saharan Africa
Niger,NER,2003,62.7165412902832,265.225363452469,1.93705999851227,194.1,83.7312774658203,12.55038452,0.155698703668983,2.145,51.545,12796984,Sub-Saharan Africa
Niger,NER,2004,59.211181640625,283.468281798296,,182.4,83.7312774658203,14.06374931,0.189933733703092,2.751,52.402,13265836,Sub-Saharan Africa
Niger,NER,2005,59.1823692321777,318.643121918273,,171.4,83.7312774658203,18.67140198,0.221300006,3.1,53.32,13756192,Sub-Saharan Africa
Niger,NER,2006,57.9972991943359,333.345078419447,2.55851006507873,161.6,83.7324275105372,19.9213028,0.294,2.528,54.223,14268581,Sub-Saharan Africa
Niger,NER,2007,56.9353103637695,387.168065883301,3.01462006568909,153.1,83.7358112962219,20.96952438,0.390399992,2.021,55.063,14803610,Sub-Saharan Africa
Niger,NER,2008,53.6092185974121,475.044955398162,2.72311997413635,146.0,83.7413293001748,24.86141586,0.7,1.584,55.852,15361915,Sub-Saharan Africa
Niger,NER,2009,49.8564186096191,461.131533961487,3.33588004112244,140.3,83.7488819996968,24.54927635,0.76,1.208,56.487,15943675,Sub-Saharan Africa
Niger,NER,2010,45.8287143496822,474.425692340831,2.7219500541687,136.0,83.7583698720884,23.47736168,0.829999983,0.718,57.08,16548835,Sub-Saharan Africa
Niger,NER,2011,41.2559355037065,510.75956176268,3.07762002944946,132.7,83.7696933946504,24.84123039,0.9,0.316,57.6,17176283,Sub-Saharan Africa
Niger,NER,2012,39.9364885164203,528.510104469655,3.1868200302124,130.3,83.7858715995645,22.71487427,1.049999952,2.177,57.987,17836769,Sub-Saharan Africa
Niger,NER,2013,39.4193407936951,552.103334363117,3.68953990936279,128.3,83.7837404303936,24.61338997,1.149999976,1.401,58.364,18519898,Sub-Saharan Africa
Niger,NER,2014,39.9094368765678,565.30989731175,5.10368013381958,126.8,83.7549575388335,25.09494019,1.24867568902241,0.524,58.693,19215909,Sub-Saharan Africa
Niger,NER,2015,38.1200774873051,485.662574175279,4.48669004440308,125.4,83.6964393412507,25.96905327,2.476200104,0.556,58.85,19939498,Sub-Saharan Africa
Niger,NER,2016,36.9356599791222,499.910520068193,2.95843005180359,124.3,83.6101719456764,22.68474007,4.322800159,0.55,59.228,20685753,Sub-Saharan Africa
Niger,NER,2017,33.8299342647926,529.929418934868,2.57818007469177,123.1,83.4963012093104,29.09627533,10.2243115586561,0.556,59.524,21435446,Sub-Saharan Africa
Niger,NER,2019,40.7080731780113,541.265819870273,3.53358621816013,120.8,83.186853500315,31.89424324,11.28549957,0.531,60.031,22947757,Sub-Saharan Africa
Niger,NER,2021,41.3044299796752,609.585703670137,3.82175828133515,118.0,82.7704063333314,35.39406204,12.45689964,0.806,59.542,24502140,Sub-Saharan Africa
Niger,NER,2022,41.0056377579949,613.614736429298,3.71231832079626,116.0,82.522792992488,26.50681686,13.08749962,0.403,60.398,25311973,Sub-Saharan Africa
Nigeria,NGA,2000,35.9521713256836,547.318298903379,,177.3,56.7214948749757,17.15887642,0.0640808079494101,3.953,47.143,126382494,Sub-Saharan Africa
Nigeria,NGA,2004,35.3792381286621,962.48104194733,,151.4,53.3005195110401,42.81798172,1.28613764134527,3.59,49.148,141057045,Sub-Saharan Africa
Nigeria,NGA,2005,35.045711517334,1211.37703504386,,145.8,52.4343585243137,52.24337006,3.54915571796492,3.727,49.538,145017253,Sub-Saharan Africa
Nigeria,NGA,2006,34.8441696166992,1599.53891556365,,140.9,51.575728005539,63.63072205,5.54503608300536,3.749,49.876,149077334,Sub-Saharan Africa
Nigeria,NGA,2007,32.3568000793457,1815.52697545827,,136.5,50.7642012826802,66.90659332,6.769999981,3.794,50.381,153267261,Sub-Saharan Africa
Nigeria,NGA,2008,38.8613395690918,2154.10543545364,,132.5,49.9494787687649,77.45053101,8.0,3.792,50.748,157595014,Sub-Saharan Africa
Nigeria,NGA,2009,37.9379386901855,1820.48633854782,,129.2,49.13546515238,65.71811676,9.300000191,3.763,51.08,162049464,Sub-Saharan Africa
Nigeria,NGA,2010,38.1161613464355,2202.25672957344,,126.3,48.3221811744554,73.008255,11.5,3.744,51.315,166642886,Sub-Saharan Africa
Rwanda,RWA,2002,11.2842597961426,234.043016755733,,149.1,83.1221152883248,7.32393837,0.292784718792575,11.432,51.262,8400180,Sub-Saharan Africa
Rwanda,RWA,2003,12.4798898696899,249.012274982252,,132.7,83.1052567687631,17.25927353,0.356918467272361,11.658,53.529,8586875,Sub-Saharan Africa
Rwanda,RWA,2016,0.804643405458542,721.258515833094,3.43482995033264,45.8,80.8786048213452,43.54212189,14.63710022,11.788,65.733,11919183,Sub-Saharan Africa
Rwanda,RWA,2017,1.15994101585871,751.049039527547,3.1247398853302,44.7,79.7522431898889,40.76682663,17.2,11.875,66.14,12202060,Sub-Saharan Africa
Rwanda,RWA,2018,1.38027317370268,772.754982959354,3.07376003265381,43.7,78.4581555420936,42.11674881,19.16659927,10.759,66.354,12487996,Sub-Saharan Africa
Rwanda,RWA,2019,1.55754734497864,823.355304065304,3.23821222605582,42.7,77.0288973002638,39.81322098,21.3579998,11.236,66.691,12776103,Sub-Saharan Africa
Rwanda,RWA,2021,0.101780457504331,842.581492947672,5.58984994888306,40.6,73.8950907237167,51.64677429,24.4416008,15.775,66.85,13355260,Sub-Saharan Africa
Sao Tome and Principe,STP,2002,4.8701000213623,568.10257252271,2.72058010101318,71.1,44.9117289002897,50.61143494,7.580665168911,17.63,61.826,149922,Sub-Saharan Africa
Sao Tome and Principe,STP,2003,4.13401985168457,663.696211810494,3.24692988395691,65.7,43.5871529131903,71.20994568,10.1618443069961,16.36,62.158,153814,Sub-Saharan Africa
Sao Tome and Principe,STP,2004,2.71727991104126,726.560882130444,3.23470997810364,60.5,42.1225154532542,71.05591583,13.3228526892178,16.12,62.56,157705,Sub-Saharan Africa
Sao Tome and Principe,STP,2005,1.96514999866486,844.169181884274,4.85645008087158,55.7,40.5811983091083,80.13071442,13.75949955,16.47,62.434,161639,Sub-Saharan Africa
Sao Tome and Principe,STP,2007,7.88847017288208,878.885791918745,6.28682994842529,46.9,37.5220521226944,59.71631241,14.5904831987414,16.021,63.336,169700,Sub-Saharan Africa
Sao Tome and Principe,STP,2008,7.51774978637695,1081.8684584729,5.5544900894165,43.1,36.1309866576801,64.58831787,15.47999954,15.421,63.448,173793,Sub-Saharan Africa
Sao Tome and Principe,STP,2009,7.07305002212524,1128.28046213305,9.99429035186768,39.5,34.9167686629633,64.90551758,16.40999985,15.136,63.669,177853,Sub-Saharan Africa
Sao Tome and Principe,STP,2010,7.21825981140137,1045.20958234528,9.9882698059082,36.2,33.9427799271709,60.94829941,18.75,14.628,63.867,181802,Sub-Saharan Africa
Sao Tome and Principe,STP,2013,8.58726024627686,1382.5757842916,6.68509006500244,27.9,32.8693313598633,124.59179688,23.0,12.476,64.93,193148,Sub-Saharan Africa
Sao Tome and Principe,STP,2014,8.61588001251221,1489.67633417608,4.4321699142456,25.5,32.7393264770508,118.70980835,24.40999985,11.428,65.478,196767,Sub-Saharan Africa
Sao Tome and Principe,STP,2015,9.16201972961426,1298.10946596396,4.69794988632202,23.3,32.6084289550781,85.37828827,25.81999969,10.591,66.023,200291,Sub-Saharan Africa
Sao Tome and Principe,STP,2017,2.87733006477356,1555.79477812888,5.87489986419678,19.6,32.3479995727539,117.07767487,32.61640167,8.808,67.074,206970,Sub-Saharan Africa
Senegal,SEN,2000,41.815128326416,603.233162455158,2.46335005760193,128.9,59.3332444468033,21.41570663,0.403967485868965,2.638,57.615,9968260,Sub-Saharan Africa
Senegal,SEN,2003,34.3889503479004,817.888034221442,2.75125002861023,104.2,58.64106065145,35.14493942,2.10143642986685,2.781,59.474,10721176,Sub-Saharan Africa
Senegal,SEN,2004,35.8284187316895,918.102079522155,3.07778000831604,95.5,58.3751806104105,41.94406128,4.38602398008563,2.775,60.308,10975704,Sub-Saharan Africa
Senegal,SEN,2005,34.672191619873,979.846101520171,4.06443023681641,87.6,58.0942400304162,36.00606155,4.78668408310535,2.679,60.98,11235472,Sub-Saharan Africa
Senegal,SEN,2006,31.88258934021,1017.20196747987,3.82138991355896,80.8,57.7953586956931,38.28113556,5.61173865217952,2.755,61.801,11500094,Sub-Saharan Africa
Senegal,SEN,2007,29.5122299194336,1188.93877808175,,75.0,57.475656390467,40.60185623,6.889999866,2.8,62.653,11770344,Sub-Saharan Africa
Senegal,SEN,2008,28.5718193054199,1398.79218010021,4.02568006515503,70.1,57.132252898964,49.05390167,7.119999886,2.816,63.201,12048959,Sub-Saharan Africa
Senegal,SEN,2009,28.4303398132324,1308.69404336205,4.92072010040283,66.1,56.76226800541,50.27443314,7.5,2.807,63.751,12337389,Sub-Saharan Africa
Senegal,SEN,2010,27.5824606934846,1275.88357492357,0.544770002365112,62.8,56.3628214940308,51.38805008,8.0,2.795,64.221,12635413,Sub-Saharan Africa
Senegal,SEN,2011,26.9863788412477,1374.67591873844,4.90302991867065,60.0,55.9310331490525,57.93114853,9.800000191,2.853,64.799,12958897,Sub-Saharan Africa
Senegal,SEN,2012,24.0859070766121,1326.83798848379,4.77698993682861,57.6,55.4640227547011,56.61458969,10.80000019,3.896,65.229,13310495,Sub-Saharan Africa
Senegal,SEN,2013,24.8350136207954,1379.83196553924,5.68656015396118,55.5,54.9601249460544,60.51578903,13.10000038,5.012,65.638,13710849,Sub-Saharan Africa
Senegal,SEN,2014,24.2169425480126,1398.89137601382,5.72907018661499,53.7,54.3979094658412,61.40605545,17.70000076,5.849,66.001,14152102,Sub-Saharan Africa
Senegal,SEN,2015,24.2552354734048,1218.00613555438,5.45634984970093,52.2,53.7252330370142,53.32304382,21.70000076,6.757,66.451,14593331,Sub-Saharan Africa
Senegal,SEN,2019,24.6743507385254,1431.18128932159,5.03525018692017,46.2,50.0556678726523,64.33670807,43.37969971,2.863,67.668,16352922,Sub-Saharan Africa
Senegal,SEN,2020,22.9256896972656,1461.08720350553,5.6869797706604,44.2,48.9437049906718,75.16521454,53.30879974,3.432,67.496,16789219,Sub-Saharan Africa
Senegal,SEN,2021,24.8934307098389,1598.10676952274,5.61201000213623,42.2,47.7739707808845,71.12162781,55.04040146,3.436,66.868,17220867,Sub-Saharan Africa
Senegal,SEN,2022,24.9268181684724,1574.0281059306,5.95222997665405,40.1,46.5564938975652,63.44842529,56.82830048,2.837,67.788,17651103,Sub-Saharan Africa
Seychelles,SYC,2001,0.616550028324127,8153.2986369879,,13.8,56.7827014144315,334.48275757,11.0151029300174,,73.2536585365854,81202,Sub-Saharan Africa
Seychelles,SYC,2002,1.29229998588562,8864.16919495467,4.88109016418457,13.7,56.9051535478073,340.82293701,14.3041708309972,,71.0878048780488,83723,Sub-Saharan Africa
Seychelles,SYC,2003,0.912440001964569,9070.28460757013,5.05177021026611,13.8,56.9950671351838,394.09664917,14.5925043169492,,71.0292682926829,82781,Sub-Saharan Africa
Seychelles,SYC,2004,0.100950002670288,10827.671636033,,13.8,57.0762243107973,444.24789429,24.2721392249906,,72.6609756097561,82475,Sub-Saharan Africa
Seychelles,SYC,2021,3.1880345238107,14982.9111487767,4.86547351368626,14.7,55.3973203934461,629.85974121,81.99530029,,73.3975609756097,99258,Sub-Saharan Africa
Seychelles,SYC,2022,1.9270192701927,16682.6990711785,3.65858904774836,14.5,55.0891790018843,707.34448242,84.83380127,,74.509756097561,119878,Sub-Saharan Africa
Sierra Leone,SLE,2011,5.90714061665169,761.146365577281,1.61538004875183,150.8,60.9527846508398,49.6336174,0.899999976,4.388,52.594,6387251,Sub-Saharan Africa
Sierra Leone,SLE,2012,3.14184009843336,937.504428180231,1.77787005901337,144.1,60.5355905123025,51.99141312,2.5,4.378,53.159,6551080,Sub-Saharan Africa
Sierra Leone,SLE,2015,0.888260006904602,964.575980888989,3.21786273563993,136.8,59.2330434812901,118.66024017,6.344399929,4.483,55.454,7037655,Sub-Saharan Africa
South Africa,ZAF,2000,17.7876796722412,3217.84693448467,4.90882015228271,71.4,43.7410045116372,236.08114624,5.34855973203537,22.788,58.368,47159719,Sub-Saharan Africa
South Africa,ZAF,2001,16.6883201599121,2847.15191945908,4.63617992401123,74.5,42.9985660621731,202.81065369,6.34661931839768,22.652,57.161,47566800,Sub-Saharan Africa
South Africa,ZAF,2002,15.1361598968506,2688.23676032806,4.54569005966187,77.0,42.3276412471518,179.5135498,6.71032243705404,22.579,55.58,48019415,Sub-Saharan Africa
South Africa,ZAF,2003,14.0235300064087,4062.21755993786,4.35209989547729,79.2,41.6275658767934,286.01998901,7.00769172611251,22.679,54.245,48500348,Sub-Saharan Africa
South Africa,ZAF,2004,13.3209495544434,5221.46333731721,4.50897979736328,80.7,40.9022609049898,362.28662109,8.4251186825406,22.567,53.963,48991421,Sub-Saharan Africa
South Africa,ZAF,2005,13.0178098678589,5836.87663325127,4.5245099067688,79.8,40.1758241621003,400.5355835,7.48854252992921,22.472,53.914,49490033,Sub-Saharan Africa
South Africa,ZAF,2015,4.91304016113281,6112.27382485974,5.48285007476807,38.2,36.7903650062769,491.90652466,51.91910172,25.149,64.053,56723537,Sub-Saharan Africa
South Africa,ZAF,2017,6.27600002288818,6618.33508255701,5.59868001937866,35.7,36.6688921700064,527.52026367,56.16740036,27.035,65.422,57635162,Sub-Saharan Africa
South Africa,ZAF,2018,9.30520092526825,6914.1780318076,5.64401006698608,34.9,36.6228454753159,558.80145264,62.40000153,26.906,65.726,58613001,Sub-Saharan Africa
South Africa,ZAF,2019,8.29678069336686,6533.71121032856,5.91159009933472,34.3,36.5872744992092,538.80438232,69.69689941,28.468,66.071,59587885,Sub-Saharan Africa
South Africa,ZAF,2020,8.14937182551853,5580.60383075189,6.17067003250122,33.9,36.5626911689018,503.46759033,72.1128006,29.217,65.15,60562381,Sub-Saharan Africa
South Africa,ZAF,2021,3.81266301586032,6828.75624590017,6.5551700592041,34.0,36.5496074116091,592.9465332,74.96859741,34.007,62.01,61502603,Sub-Saharan Africa
South Africa,ZAF,2022,5.7776985719876,6534.24867783397,6.15599012374878,34.3,36.5233300789673,570.48028564,78.29319763,33.268,65.454,62378410,Sub-Saharan Africa
South Sudan,SSD,2011,55.3255996704102,1448.98435006408,0.962890028953552,102.3,82.2182321893211,,,12.585,57.674,10288109,Sub-Saharan Africa
South Sudan,SSD,2015,63.7374687194824,1080.14718624765,1.46555995941162,240.8,81.1907380398227,,3.0,12.464,39.757,11107561,Sub-Saharan Africa
Sudan,SDN,2011,45.0578002929688,1332.6572265625,,71.3,67.0940239858014,80.37197876,,17.44,63.181,36140806,Sub-Saharan Africa
Sudan,SDN,2012,48.5976715087891,1019.22210693359,,69.3,66.8574438385099,75.40776825,,16.973,63.427,36923178,Sub-Saharan Africa
Sudan,SDN,2013,47.8816909790039,1138.62780761719,,67.3,66.5735222041897,97.4931488,,16.273,63.443,37785849,Sub-Saharan Africa
Sudan,SDN,2014,47.7439804077148,1275.43835449219,,65.4,66.2375417591883,88.78498077,,15.41,63.99,38823318,Sub-Saharan Africa
Sudan,SDN,2015,47.2944793701172,1292.37963867188,,63.5,65.9085605371403,93.69657135,12.0,14.39,64.375,40024431,Sub-Saharan Africa
Sudan,SDN,2016,45.5427894592285,1033.21594238281,,61.6,65.8118041158787,89.39633942,14.0999999446534,13.656,64.677,41259892,Sub-Saharan Africa
Sudan,SDN,2017,43.4814796447754,966.505676269531,,59.7,65.7127774336491,67.75476837,18.60000038,13.0,65.146,42714306,Sub-Saharan Africa
Sudan,SDN,2018,38.7525405883789,731.027465820313,,57.8,65.617945777995,33.88366699,,12.347,65.501,44230596,Sub-Saharan Africa
Sudan,SDN,2019,43.8378410339355,709.975280761719,,56.1,65.5272314175764,31.79406929,,11.697,65.803,45548175,Sub-Saharan Africa
Tanzania,TZA,2000,45.9324493408203,401.698150634766,,128.0,77.8055835959365,12.33031845,0.11719444010825,3.129,53.244,34260139,Sub-Saharan Africa
Tanzania,TZA,2001,41.0888900756836,396.638732910156,,120.3,77.4036771346963,15.1739912,0.171300350668948,2.994,54.124,35198299,Sub-Saharan Africa
Tanzania,TZA,2002,25.8526191711426,402.649047851563,,112.4,76.9693081785435,17.0355854,0.222484413923909,3.023,54.94,36121304,Sub-Saharan Africa
Tanzania,TZA,2003,17.418830871582,422.18359375,,105.0,76.4797912738051,20.39437675,0.676962856510303,3.053,55.929,37089555,Sub-Saharan Africa
Tanzania,TZA,2004,13.3702898025513,450.385284423828,3.56245994567871,98.3,75.9167530880543,23.4493866,0.87757497099259,3.105,56.836,38109668,Sub-Saharan Africa
Tanzania,TZA,2005,9.3471097946167,483.334869384766,3.54747009277344,92.2,75.2938115461259,27.71374512,1.100000024,3.193,57.675,39182076,Sub-Saharan Africa
Tanzania,TZA,2006,4.50250005722046,475.746734619141,3.00991988182068,86.7,74.6258966797991,35.59762955,1.299999952,3.299,58.512,40294902,Sub-Saharan Africa
Tanzania,TZA,2008,3.75728988647461,675.977233886719,4.18591022491455,76.6,73.2148671010665,36.26182556,1.899999976,2.775,59.896,42570728,Sub-Saharan Africa
Tanzania,TZA,2010,9.80891036987305,736.530151367188,4.54169988632202,68.2,71.8031046060895,37.18493271,2.900000095,3.03,61.127,44758488,Sub-Saharan Africa
Tanzania,TZA,2011,10.5267897260479,775.392761230469,4.57789905920015,64.6,71.134273594457,37.75179672,3.200000048,3.47,61.618,46029367,Sub-Saharan Africa
Tanzania,TZA,2012,13.4591330337129,861.969909667969,4.22964300342458,61.7,70.5121235402089,41.99654007,3.950000048,3.223,62.286,47374260,Sub-Saharan Africa
Tanzania,TZA,2013,16.2182670783914,963.05712890625,4.63769446369719,59.0,69.9274891217498,43.46931839,4.400000095,2.93,62.788,48824128,Sub-Saharan Africa
Tanzania,TZA,2014,17.4975700378418,1022.74841308594,3.38488006591797,56.3,69.3556922829258,39.85456848,7.0,2.125,63.364,50351512,Sub-Saharan Africa
Tanzania,TZA,2015,19.5356292724609,939.127319335938,4.19486548285076,54.3,68.7938433407528,33.27184296,10.0,2.009,63.928,52020962,Sub-Saharan Africa
Tanzania,TZA,2016,15.4571199417114,953.0107421875,4.10196721791864,52.0,68.2422696757084,36.65267563,13.5042328468919,1.931,64.404,53824013,Sub-Saharan Africa
Tanzania,TZA,2017,15.0774402618408,986.674011230469,4.43052005767822,49.8,67.7012986682704,39.03767014,14.46339989,1.854,64.963,55652890,Sub-Saharan Africa
Tanzania,TZA,2018,16.9341122677855,1023.10626220703,3.69962000846863,47.6,67.1712576989166,41.27171326,15.49069977,1.792,65.488,57437145,Sub-Saharan Africa
Tanzania,TZA,2019,14.3421514078772,1063.32250976563,3.59683638888648,45.6,66.6524741481248,39.97783661,16.59090042,1.735,66.007,59174891,Sub-Saharan Africa
Tanzania,TZA,2020,13.3949096880131,1117.41528320313,3.23097255920833,43.8,66.1452753963727,31.7036171,19.48139954,1.792,66.771,60972798,Sub-Saharan Africa
Tanzania,TZA,2021,12.6834490838155,1159.85656738281,3.11515335288784,41.7,65.6499888241381,37.53121185,22.87540054,1.876,66.131,62830412,Sub-Saharan Africa
Tanzania,TZA,2022,12.997640717073,1207.52062988281,3.2382450375764,40.1,65.1765263622853,35.93323135,26.86059952,1.573,66.879,64711821,Sub-Saharan Africa
Togo,TGO,2000,16.5392208099365,440.420399069497,2.77644991874695,119.2,66.9005155936691,13.0541811,0.8,4.162,54.587,4783722,Sub-Saharan Africa
Togo,TGO,2001,14.5357103347778,426.883605884489,2.66750001907349,115.7,66.4496364083487,13.04282379,0.9,4.108,54.757,4904144,Sub-Saharan Africa
Togo,TGO,2002,10.6059598922729,479.438373869587,2.46951007843018,112.2,65.9988629561693,14.65135479,1.0,4.087,55.044,5027130,Sub-Saharan Africa
Togo,TGO,2003,13.7959995269775,579.728195854724,2.35525989532471,108.8,65.5486010342304,17.7094574,1.2,3.957,55.312,5154112,Sub-Saharan Africa
Togo,TGO,2004,11.1623201370239,604.311329116751,2.20198011398315,105.5,65.0992564396312,18.62999153,1.5,3.992,55.608,5281320,Sub-Saharan Africa
Togo,TGO,2005,11.7137699127197,595.200212014134,2.23748993873596,102.4,64.6512349694709,20.9699707,1.799999952,4.149,55.931,5413154,Sub-Saharan Africa
Togo,TGO,2006,8.66606044769287,596.249203137762,2.43236994743347,99.3,64.204942420849,22.74487495,2.0,4.229,56.154,5569664,Sub-Saharan Africa
Togo,TGO,2007,12.8158597946167,654.083697666439,2.48604011535644,96.5,63.7607845908647,22.34309769,2.200000048,3.822,56.395,5748443,Sub-Saharan Africa
Togo,TGO,2008,11.3959503173828,771.351190404751,2.38472008705139,93.7,63.3191672766173,26.89384079,2.400000095,3.279,56.663,5936138,Sub-Saharan Africa
Togo,TGO,2014,9.06250703167325,921.539748631461,3.4237699508667,77.7,60.7160493541632,41.96416092,5.699999809,2.141,58.776,6937644,Sub-Saharan Africa
Togo,TGO,2015,7.74081270988802,813.894676975085,3.71096992492676,75.2,60.2837448727066,46.92110825,7.119999886,2.204,59.23,7071502,Sub-Saharan Africa
Togo,TGO,2016,10.7183198928833,843.114204338675,3.6624801158905,72.8,59.8514121720261,50.8783493,11.31000042,2.968,59.677,7200884,Sub-Saharan Africa
Togo,TGO,2017,9.2267726664165,872.076408845752,3.76526999473572,70.4,59.4190536569281,51.5464592,12.3602249692905,3.744,60.145,7324386,Sub-Saharan Africa
Togo,TGO,2018,9.66898199219433,942.480774393154,4.09162998199463,68.1,58.986671732219,52.43610382,15.5,2.9,60.608,7458206,Sub-Saharan Africa
Togo,TGO,2019,8.06120537943827,917.718016777619,4.20164196626882,66.0,58.554268802705,48.85387421,20.72730064,2.036,61.061,7619925,Sub-Saharan Africa
Togo,TGO,2020,4.34724866408301,961.219781201934,4.08528017372931,63.9,58.1218472731925,52.75213242,29.02370071,2.231,61.14,7788054,Sub-Saharan Africa
Togo,TGO,2021,3.53334486965276,1076.29520076949,4.22702442483079,62.0,57.6894095484878,52.72237015,30.33839989,2.344,61.337,7936176,Sub-Saharan Africa
Togo,TGO,2022,0.881169391609611,1071.61539220759,3.77811083266775,60.0,57.2667672024373,55.79545593,35.60749817,1.965,62.292,8068616,Sub-Saharan Africa
Tunisia,TUN,2000,4.81252002716065,2199.04465936314,6.20196008682251,29.2,36.3833346177416,111.01378632,2.75074029298135,14.94,72.604,9764935,"Middle East, North Africa, Afghanistan & Pakistan"
Tunisia,TUN,2001,4.05060005187988,2235.71981624751,6.20184993743896,27.2,36.0458242546642,114.00454712,4.29796603474685,14.4,72.822,9869677,"Middle East, North Africa, Afghanistan & Pakistan"
Tunisia,TUN,2002,1.68210005760193,2320.7723805785,5.79006004333496,25.5,35.7177445107495,124.64620972,5.25288729548421,14.55,73.07,9971515,"Middle East, North Africa, Afghanistan & Pakistan"
Tunisia,TUN,2003,1.08278000354767,2725.8643148859,6.81675004959106,24.0,35.3944027312456,148.93447876,6.49084579532797,14.51,73.304,10071632,"Middle East, North Africa, Afghanistan & Pakistan"
Tunisia,TUN,2004,0.879840016365051,3067.41936376975,6.72078990936279,22.7,35.0727258538662,167.27586365,8.52881775162591,14.23,73.519,10166163,"Middle East, North Africa, Afghanistan & Pakistan"
Tunisia,TUN,2005,2.78323006629944,3146.8260743927,6.4515700340271,21.6,34.7659098260996,169.84550476,9.655099869,12.872,73.712,10255472,"Middle East, North Africa, Afghanistan & Pakistan"
Tunisia,TUN,2006,3.03008008003235,3322.56933570096,6.43879985809326,20.7,34.4790190348479,178.82592773,12.98639965,12.51,73.888,10346410,"Middle East, North Africa, Afghanistan & Pakistan"
Tunisia,TUN,2007,4.28252983093262,3726.91672935667,6.46451997756958,20.0,34.1999969482422,202.32022095,17.1,12.365,74.039,10441702,"Middle East, North Africa, Afghanistan & Pakistan"
Tunisia,TUN,2008,4.35975980758667,4255.05008019523,6.27157020568848,19.4,33.9323946015639,230.50152588,27.53,12.444,74.192,10542635,"Middle East, North Africa, Afghanistan & Pakistan"
Tunisia,TUN,2009,4.2088098526001,4080.09032448781,6.528480052948,19.0,33.6637802124023,231.3591156,34.07,13.29,74.32,10650681,"Middle East, North Africa, Afghanistan & Pakistan"
Tunisia,TUN,2010,3.31820011138916,4291.86120891575,5.96306991577148,18.7,33.3719940185547,240.75447083,36.8,13.049,74.438,10765980,"Middle East, North Africa, Afghanistan & Pakistan"
Tunisia,TUN,2011,3.19835996627808,4420.64772206537,,18.5,33.0808113802143,270.67507935,39.1,18.334,74.471,10886035,"Middle East, North Africa, Afghanistan & Pakistan"
Tunisia,TUN,2012,1.07100999355316,4297.26782454273,5.95086002349854,18.4,32.7901077270508,270.29055786,41.4416008,17.63,74.599,11009647,"Middle East, North Africa, Afghanistan & Pakistan"
Tunisia,TUN,2013,0.773530006408691,4369.79345826358,,18.3,32.5000457763672,284.64538574,43.79999924,15.934,74.674,11141361,"Middle East, North Africa, Afghanistan & Pakistan"
Tunisia,TUN,2014,0.868040025234222,4458.97895464547,,18.3,32.2475356620899,287.60955811,46.15999985,14.259,74.784,11274288,"Middle East, North Africa, Afghanistan & Pakistan"
Tunisia,TUN,2015,0.906719982624054,4014.94773686432,6.22044992446899,18.2,32.1192092895508,249.46418762,46.4999943435776,15.159,74.875,11402264,"Middle East, North Africa, Afghanistan & Pakistan"
Tunisia,TUN,2016,1.04528999328613,3847.80354448809,,18.1,31.9376643471752,240.40258789,49.5999948415756,15.557,75.007,11528674,"Middle East, North Africa, Afghanistan & Pakistan"
Tunisia,TUN,2017,1.06553995609283,3619.03247319953,,17.9,31.7122192382812,223.85903931,55.5001550633671,15.33,75.177,11650498,"Middle East, North Africa, Afghanistan & Pakistan"
Tunisia,TUN,2018,1.09092998504639,3628.10366464236,,17.5,31.4514759727491,215.418396,64.1908102327387,15.459,75.37,11765514,"Middle East, North Africa, Afghanistan & Pakistan"
Tunisia,TUN,2020,1.76529002189636,3548.65363663803,7.26507545467782,16.0,30.8956833561524,250.40145874,68.55639648,17.651,75.004,11974057,"Middle East, North Africa, Afghanistan & Pakistan"
Tunisia,TUN,2021,1.71380996704102,3906.93926319391,6.67984656240779,15.0,30.6002476229432,285.25247192,68.31552226,16.632,72.893,12048622,"Middle East, North Africa, Afghanistan & Pakistan"
Tunisia,TUN,2022,1.57028996944427,3707.29283414381,6.8049896073928,13.9,30.292861351697,276.46380615,,15.3,76.05,12119334,"Middle East, North Africa, Afghanistan & Pakistan"
Uganda,UGA,2009,5.35416984558105,798.947089938247,,81.2,82.3876476630652,44.3670578,4.099999905,3.6,59.157,31451151,Sub-Saharan Africa
Uganda,UGA,2010,8.88082981109619,823.488144282,1.72739994525909,76.0,81.2009354455428,51.88574982,4.300000191,3.623,59.959,32390802,Sub-Saharan Africa
Uganda,UGA,2011,5.59645986557007,835.620060555838,2.29890990257263,70.9,79.9438971263369,55.2076683,4.599999905,3.523,60.791,33354543,Sub-Saharan Africa
Uganda,UGA,2013,4.11656999588013,818.285427416713,1.87114000320435,62.8,77.2632340760729,52.906353,5.099999905,1.91,62.353,35337042,Sub-Saharan Africa
Zambia,ZMB,2000,31.9291191101074,359.429500988221,1.78819000720978,151.8,64.1264539039613,14.80953312,0.191071642503428,12.93,46.577,10017631,Sub-Saharan Africa
Zambia,ZMB,2001,32.2070999145508,396.548952993504,,143.2,64.1153517067242,18.94953918,0.233129556342332,13.404,47.408,10325185,Sub-Saharan Africa
Zambia,ZMB,2002,29.2294101715088,393.864625518616,,132.9,63.9293964269986,23.19246864,0.477750906947484,14.131,48.461,10647949,Sub-Saharan Africa
Zambia,ZMB,2004,16.3155193328857,548.685974566277,2.46342992782593,111.7,63.1964118869747,29.99057961,1.1,15.332,50.54,11338198,Sub-Saharan Africa
Zambia,ZMB,2005,7.84688997268677,710.982068171696,1.73553001880646,102.7,62.7030176186941,44.99598694,1.299999952,15.9,51.615,11718819,Sub-Saharan Africa
Zambia,ZMB,2006,9.70995998382568,1051.71714895686,,94.8,62.1607786795796,58.68175507,1.600000024,13.229,52.693,12129553,Sub-Saharan Africa
Zambia,ZMB,2007,7.11242008209229,1118.73162626953,1.24075996875763,89.1,61.5965125656399,51.02414322,1.899999976,10.559,53.73,12565085,Sub-Saharan Africa
Zambia,ZMB,2008,6.39517021179199,1375.50211006997,1.0997200012207,84.2,61.0370367728838,61.82287216,2.200000048,7.93,54.835,13021324,Sub-Saharan Africa
Zambia,ZMB,2009,9.17751979827881,1136.24168316848,,78.4,60.5091687973204,59.38909531,2.5,10.583,55.886,13490389,Sub-Saharan Africa
Zambia,ZMB,2010,11.682238031929,1451.10616017155,3.41600445393739,74.3,60.0441142290008,59.98767853,3.0,13.19,56.896,13965594,Sub-Saharan Africa
Zambia,ZMB,2011,7.67855212722857,1624.86817763443,3.35772272046971,71.8,59.6315508174119,64.3181076,3.5,10.548,57.843,14437796,Sub-Saharan Africa
Zambia,ZMB,2012,6.18503999710083,1710.05061343728,3.69500242842903,69.2,59.2301443178404,69.17604828,4.099999905,7.85,58.704,14913629,Sub-Saharan Africa
Zambia,ZMB,2013,9.34519808716827,1820.71854827391,3.71820710892018,66.0,58.8317733764175,83.29361725,4.8,7.272,59.445,15398997,Sub-Saharan Africa
Zambia,ZMB,2017,14.8279379928335,1483.46577328065,3.72964000701904,55.2,57.2704020122989,70.93283844,12.19999981,4.529,61.564,17441320,Sub-Saharan Africa
Zimbabwe,ZWE,2000,5.28860998153687,562.833757496076,,99.4,67.6008431146687,,0.401433535211582,5.685,46.034,11892055,Sub-Saharan Africa
Zimbabwe,ZWE,2001,1.47930002212524,566.388746448872,,96.3,67.5000721617164,,0.799846045633137,5.313,44.525,11971901,Sub-Saharan Africa
Zimbabwe,ZWE,2002,4.29350996017456,524.936478570323,,93.8,67.4368115833066,,1.1,5.005,45.938,12087653,Sub-Saharan Africa
Zimbabwe,ZWE,2003,5.60922002792358,468.471932927213,,91.9,67.3996627686052,,1.8,4.738,45.373,12232323,Sub-Saharan Africa
Zimbabwe,ZWE,2012,8.49271011352539,1239.22709745709,6.07021391405834,68.0,67.2068247871672,85.69155121,12.0,5.057,55.386,13817887,Sub-Saharan Africa
Zimbabwe,ZWE,2013,9.94051176638161,1362.99498323368,5.99598135667974,62.6,67.0980656830059,96.86148834,15.5,4.948,56.842,14013808,Sub-Saharan Africa
Zimbabwe,ZWE,2014,10.3835548200994,1372.91526173161,6.13835396313315,59.8,66.8371924029199,111.61201477,16.3647399572904,4.774,58.106,14207359,Sub-Saharan Africa
Zimbabwe,ZWE,2015,18.7499599456787,1387.12632595026,,59.2,66.4387358233126,103.31652832,22.74279976,5.399,58.989,14399013,Sub-Saharan Africa
Zimbabwe,ZWE,2016,17.6851005554199,1408.13945253431,,57.5,65.9200539273686,102.15909576,23.12000084,5.896,59.76,14600294,Sub-Saharan Africa
Zimbabwe,ZWE,2017,19.4408798217773,3445.44941020134,,56.7,65.2985046982727,91.87199402,24.39999962,6.35,60.263,14812482,Sub-Saharan Africa
Zimbabwe,ZWE,2018,18.7645606994629,2270.89531874302,,56.3,64.5914461192095,114.76815033,25.0,6.788,60.906,15034452,Sub-Saharan Africa
Zimbabwe,ZWE,2019,18.3813495635986,2184.52155388801,,58.6,63.8162361733636,55.10725403,26.5883007,7.373,61.06,15271368,Sub-Saharan Africa
Zimbabwe,ZWE,2020,16.9142894744873,2059.63704025274,,61.7,62.9902328439198,51.14250565,29.29856532,8.617,61.53,15526888,Sub-Saharan Africa
Zimbabwe,ZWE,2021,9.42610162776341,2613.6167414057,,62.4,62.1307941140627,60.89874268,32.5923996,9.54,60.135,15797210,Sub-Saharan Africa
Zimbabwe,ZWE,2022,8.17339162516982,2536.40197087505,,64.0,61.2944792830959,68.90727997,36.25650024,10.087,62.36,16069056,Sub-Saharan Africa
